1092150227;CC;Kamila Lola;Iglesias;Casas;carmencatalinaic@misena.edu.co;carmencatalinaic@gmail.com;3003800624;;O-;1995-5-7;Av. 25, Cll. 3 # 14-40, Barrio La Sabana;Dana Iglesias;3222688976
1092369147;CC;Simón;Mejía;Jurado;marcelajazminmj@misena.edu.co;samanthabenitaj@gmail.com;3091070632;6034186008;A-;1999-6-20;Av. 8, Cll. 25 # 10-49, Barrio Ojo Por Ojo;Vanessa Mejía;3113354977
1091988245;CC;Roberto Pato;Fajardo;Cárdenas;sandranuryfc@misena.edu.co;josefajazming@outlook.com;3112256822;6016434236;B-;1999-8-8;Av. 12, Cll. 4 # 16-8, Barrio El Arrunche;Ángela Fajardo;3148553512
1091713903;TI;Neyda Laura;Mesa;Castillo;pamelageraldinemc@misena.edu.co;albapaolah@outlook.com;3238901887;;AB+;2007-10-3;Av. 17, Cll. 11 # 6-10, Barrio Ojo Por Ojo;Daniela Mesa;3264925193
1091506063;CC;Fernando Beto;Antolinez;Higuera;vanessazaidaah@misena.edu.co;camilageraldinel@gmail.com;3078270202;;B-;1998-8-3;Av. 11, Cll. 21 # 11-13, Barrio La Tableta;Lola Antolinez;3125912052
1093083299;CC;Geraldine Wanda;Contreras;;neydaelcidac@misena.edu.co;elcidaingrida@gmail.com;3064630230;;A-;2000-10-20;Av. 18, Cll. 1 # 15-19, Barrio El Asustado;Fernanda Contreras;3033263798
1091234557;CC;Esmeralda Kamila;Ibarra;;victoriaestheri@misena.edu.co;carmenwandan@gmail.com;3068209283;;O+;1994-5-10;Av. 1, Cll. 24 # 6-33, Barrio El Atraco;Jazmín Ibarra;3248363309
1093441501;CC;Samuel;Gato;;nurycamilag@misena.edu.co;ursulazaidad@gmail.com;3123479793;;O-;1998-4-4;Av. 16, Cll. 4 # 13-38, Barrio El Ciego;;
1091164584;CC;Yesid Nezareth;Botija;Hidalgo;luciaraquelbh@misena.edu.co;betsycamilal@outlook.com;3114542029;;O+;1993-2-4;Av. 10, Cll. 18 # 19-14, Barrio El Abrume;Génesis Botija;3210143135
1093969070;TI;Ángel Tobías;Hurtado;Gutierrez;belindaelcidahg@misena.edu.co;sofiaesmeraldah@gmail.com;3081668114;;O+;2006-8-17;Av. 0, Cll. 2 # 18-22, Barrio El Tiempo;Zaida Hurtado;3061927047
1092017189;CC;Urías Wilmer;Aguilar;Hernández;randyursulaah@misena.edu.co;yajairaingridd@gmail.com;3159784178;;O+;1999-12-27;Av. 13, Cll. 21 # 15-19, Barrio La Fiesta;Yesenia Aguilar;3262861695
1092156193;TI;Alba;Garmendia;Mesa;darlingelcidagm@misena.edu.co;catalinafabiolag@hotmail.com;3102877996;6019664213;O+;2006-3-9;Av. 8, Cll. 17 # 1-43, Barrio La Fiesta;;
1092106154;CC;Ismael Misaél;Bermúdez;Alcocer;helenasandraba@misena.edu.co;gabrielaingridj@gmail.com;3107194236;;A-;2004-8-5;Av. 12, Cll. 23 # 4-16, Barrio La Chismosa;Ramona Bermúdez;3140681276
1092062324;CC;Osvaldo Valentino;Domingo;;danamaiad@misena.edu.co;ramonayamileh@hotmail.com;3084351363;;A-;1993-11-2;Av. 8, Cll. 25 # 4-13, Barrio El Incauto;Maia Domingo;3048754579
1092664655;CC;Isabel;Miranda;Martínez;zaidavalentinamm@misena.edu.co;belindasandral@hotmail.com;3100777449;6026176139;A+;1996-3-11;Av. 24, Cll. 8 # 19-25, Barrio El Arrunche;Yesenia Miranda;3108290377
1090930309;TI;Yajaira Neyda;Jácome;Juárez;tatianavaleriajj@misena.edu.co;vilmalaurad@hotmail.com;3079288441;6034282146;AB-;2006-8-6;Av. 19, Cll. 13 # 13-32, Barrio Los Siete;Neyda Jácome;3216163605
1090960788;CC;Fernanda Iris;Figueredo;Balanta;randygabrielafb@misena.edu.co;sofiaangelab@gmail.com;3102766168;;O+;1995-11-14;Av. 20, Cll. 7 # 7-31, Barrio Diablo Viejo;Ángela Figueredo;3214609274
1091703882;CC;Génesis Úrsula;Higuera;;camilaluciah@misena.edu.co;fabiolaximenad@outlook.com;3017775089;;O-;2004-8-25;Av. 13, Cll. 5 # 11-14, Barrio La Chismosa;Manuela Higuera;3186044252
1090018611;TI;Germán Daniel;Alcocer;Alarcón;valentinapamelaaa@misena.edu.co;lauramarcelag@gmail.com;3163258475;6031878741;O+;2006-1-20;Av. 12, Cll. 8 # 4-50, Barrio La Lupa;Josefa Alcocer;3189951171
1090544781;TI;Iris Paula;Escalante;García;maiagabrielaeg@misena.edu.co;lolawillowa@gmail.com;3143044936;6019092006;B+;2007-6-20;Av. 16, Cll. 12 # 4-34, Barrio Carro Viejo;Leidy Escalante;3217221906
1090532125;CC;Camila Darling;Ibarra;Higuera;victoriarandyih@misena.edu.co;willowtifannyf@gmail.com;3195640444;;B-;2002-8-12;Av. 8, Cll. 17 # 7-23, Barrio La Tortura;Élcida Ibarra;3030524098
1091096821;TI;Fernando Germán;Noriega;Méndez;irisursulanm@misena.edu.co;valeriasandraf@gmail.com;3057277924;;O+;2006-2-24;Av. 3, Cll. 2 # 15-1, Barrio La Palabra;Zaida Noriega;3234708407
1090278653;CC;Valeria Iris;Lázaro;;pamelatatianal@misena.edu.co;randygeraldinej@hotmail.com;3250484992;;O+;2000-5-14;Av. 10, Cll. 25 # 9-27, Barrio Los Aliens;Nancy Lázaro;3193370144
1093332103;CC;Lino Dante;Ibarra;Jimenez;ingridesmeraldaij@misena.edu.co;fabiolaleidyf@outlook.com;3039311736;;A-;1999-10-6;Av. 24, Cll. 9 # 17-40, Barrio Montebello;Tatiana Ibarra;3013095981
1090054655;CC;Urso Kevin;Jurado;Jaramillo;hannahjimenajj@misena.edu.co;fabiolafernandag@gmail.com;3143632072;;B+;2005-2-28;Av. 7, Cll. 24 # 6-10, Barrio Diablo Viejo;Raquel Jurado;3006926703
1091334807;CC;Laura Betsy;Balanta;;wandacarmenb@misena.edu.co;danaolgal@gmail.com;3156734874;;A-;1993-12-3;Av. 18, Cll. 4 # 17-13, Barrio La Muralla;Tamara Balanta;3099989091
1092823128;CC;Hellen Dana;Miranda;Benitez;ursulacatalinamb@misena.edu.co;olgagabrielah@gmail.com;3050996481;;O+;1995-8-25;Av. 2, Cll. 10 # 19-50, Barrio La Altura;Jazmín Miranda;3110495244
1092950956;CC;Gabriel Sebastián;Delgado;Lozano;neydairisdl@misena.edu.co;carmenmarcelab@gmail.com;3207618188;;A-;1994-10-17;Av. 1, Cll. 2 # 9-8, Barrio Pelelojo;Tamara Delgado;3059494429
1093349836;CC;Urías Lino;Botija;Jurado;nancyneydabj@misena.edu.co;tatianapamelaa@hotmail.com;3214596662;;B+;2005-2-28;Av. 21, Cll. 4 # 3-12, Barrio Los Mosqueteros;Paola Botija;3242306792
1093986859;CC;Urías Jorge;Garmendia;Florez;carmenmanuelagf@misena.edu.co;elcidafabiolai@gmail.com;3268116465;;AB-;2001-4-19;Av. 9, Cll. 4 # 16-17, Barrio Ojo Por Ojo;Jazmín Garmendia;3008814962
1092999852;CC;Yamile María;Castillo;Balanta;benitadarlingcb@misena.edu.co;genesisnancyf@outlook.com;3171260205;;B+;1998-8-25;Av. 0, Cll. 15 # 16-14, Barrio Los Aliens;Karla Castillo;3160518023
1092706790;TI;Ana Fernanda;Aguilar;Antolinez;darlingaa@misena.edu.co;nuryalbag@outlook.com;3228304967;;O-;2007-1-6;Av. 8, Cll. 18 # 15-12, Barrio Papaya Puesta;Daniela Aguilar;3189890377
1093306201;CC;Laura Nury;Ibañez;Fernández;nurylauraif@misena.edu.co;raquelanaf@gmail.com;3014432650;;A+;1997-3-6;Av. 15, Cll. 17 # 20-31, Barrio Los Invadidos;Olga Ibañez;3036866639
1093113540;CC;Valentina Élcida;Ibañez;;fabiolahelleni@misena.edu.co;tamarabetsyg@gmail.com;3043294375;;AB+;1993-5-20;Av. 20, Cll. 25 # 17-38, Barrio El Chistesito;Wanda Ibañez;3164603927
1090327411;TI;Ismael;Jurado;Díaz;danadanielajd@misena.edu.co;ramonalaurag@hotmail.com;3112578242;;O+;2006-2-26;Av. 8, Cll. 11 # 2-30, Barrio La Muralla;Daniela Jurado;3063808617
1090910842;CC;Laura Ingrid;Longaniza;Alcocer;tifannyfabiolala@misena.edu.co;esmeraldazaidaa@gmail.com;3049531172;6030538799;AB+;1994-7-10;Av. 17, Cll. 4 # 17-9, Barrio Altamira;;
1091948609;CC;Kevin Vladimir;Higuera;Duarte;hellenalbahd@misena.edu.co;valeriajazminm@outlook.com;3038891698;6029049686;A+;1994-10-9;Av. 25, Cll. 17 # 3-46, Barrio La Altura;Paula Higuera;3137171757
1090748346;CC;Meteoro Samuel;Botija;López;catalinadarlingbl@misena.edu.co;carmenjimenam@gmail.com;3094679892;;B-;1998-5-1;Av. 7, Cll. 23 # 7-6, Barrio El Rumbón;Zaida Botija;3230277232
1091532927;CC;Úrsula Wanda;Figueroa;Alcocer;josefaanafa@misena.edu.co;ingridjosefag@outlook.com;3232584987;;O-;2001-10-2;Av. 6, Cll. 12 # 10-26, Barrio Diablo Viejo;Randy Figueroa;3154244479
1093302709;CC;Laura Manuela;Higuera;Fajardo;pamelacamilahf@misena.edu.co;marcelamanuelam@hotmail.com;3141550232;6022383463;A-;1996-4-9;Av. 1, Cll. 25 # 7-45, Barrio La Sonrisa;;
1093940847;CC;Nezareth Luis;Jácome;;tatianazaidaj@misena.edu.co;tamararandyb@outlook.com;3230390088;;O-;1995-6-27;Av. 25, Cll. 3 # 6-21, Barrio Altamira;Sandra Jácome;3233940585
1091216491;CC;Jimena Neyda;Fuentes;Domingo;paulaleidyfd@misena.edu.co;josefabetsyd@hotmail.com;3248845899;;A-;2001-6-25;Av. 8, Cll. 3 # 6-25, Barrio El Atumbado;Ángela Fuentes;3080961982
1090858942;CC;Lino Wilson;Hernández;Martínez;manuelahellenhm@misena.edu.co;ramonajosefab@hotmail.com;3154310620;;B+;2002-9-1;Av. 15, Cll. 1 # 16-45, Barrio El Chistesito;Esther Hernández;3249499537
1093587321;CC;Dante;Delgado;Antolinez;hannahpamelada@misena.edu.co;valeriamariaa@gmail.com;3207969869;;B+;1995-9-28;Av. 16, Cll. 22 # 12-43, Barrio El Calentado;Victoria Delgado;3218217391
1090246616;CC;Leonardo;Hidalgo;Alcocer;isabelelcidaha@misena.edu.co;kamilasandraf@outlook.com;3002121143;;A+;1997-11-22;Av. 14, Cll. 17 # 4-31, Barrio Ojo Por Ojo;Raquel Hidalgo;3031760670
1090784595;CC;Carmito Nezareth;Murillo;Domingo;isabelbetsymd@misena.edu.co;vanessacatalinab@gmail.com;3100856017;;B-;1999-2-11;Av. 17, Cll. 20 # 5-8, Barrio El Serrucho;Yesenia Murillo;3109610857
1093403965;CC;Luis Fernando;Domingo;Jácome;sofiadj@misena.edu.co;josefalauram@outlook.com;3167934880;;O+;2004-1-5;Av. 20, Cll. 9 # 6-36, Barrio El Boliche;;
1090308772;TI;Urso Urías;Escalante;Mesa;ursulavanessaem@misena.edu.co;randyjazmind@gmail.com;3120209783;;O+;2007-2-15;Av. 25, Cll. 3 # 8-25, Barrio La Muralla;Maia Escalante;3048787552
1090632084;CC;Nancy Fabiola;Botija;Cárdenas;neydayeseniabc@misena.edu.co;marcelaramonan@hotmail.com;3203369142;;O-;1996-8-17;Av. 18, Cll. 4 # 20-47, Barrio El Atraco;Yesenia Botija;3240637032
1090466117;TI;María Willow;Echeverri;Costa;wandaursulaec@misena.edu.co;victoriajazminj@outlook.com;3104523934;;A-;2006-6-15;Av. 0, Cll. 22 # 20-30, Barrio Los Siete;Iris Echeverri;3123124003
1091205052;TI;Leidy Tifanny;Echeverri;Bermúdez;neydaursulaeb@misena.edu.co;lucianancym@gmail.com;3090402012;;A+;2007-6-1;Av. 23, Cll. 9 # 7-16, Barrio Pelelojo;;
1091501651;CC;Dante Urso;Botija;Echeverri;anaelcidabe@misena.edu.co;albajosefad@gmail.com;3022214292;;A-;1994-6-25;Av. 4, Cll. 10 # 16-29, Barrio Montebello;Kamila Botija;3128740486
1092349218;CC;Valentino Tobías;Duarte;;anaisabeld@misena.edu.co;geraldinecamilad@gmail.com;3209163568;;O+;1994-7-4;Av. 3, Cll. 16 # 18-5, Barrio La Toronja;Raquel Duarte;3225949042
1093825628;CC;Valentina Vilma;Castillo;Duque;olgapamelacd@misena.edu.co;hannahdanah@gmail.com;3007744056;;O+;2001-4-25;Av. 19, Cll. 25 # 11-41, Barrio La Monja;Vanessa Castillo;3107901315
1092824221;CC;Ángel Bernardo;Falcón;Díaz;sandramanuelafd@misena.edu.co;helenasamanthal@gmail.com;3248270562;;AB+;2002-11-1;Av. 8, Cll. 0 # 3-41, Barrio La Tableta;Daniela Falcón;3208936982
1093154018;TI;Nancy Darling;Benitez;Bermúdez;fabiolacarmenbb@misena.edu.co;belindapamelag@gmail.com;3107002429;;A-;2007-5-5;Av. 16, Cll. 4 # 20-3, Barrio Ojo Por Ojo;Élcida Benitez;3260067713
1092241164;CC;Jorge Quico;Duarte;Higuera;estherpauladh@misena.edu.co;nancyvilmad@gmail.com;3243607802;;O-;1997-5-24;Av. 16, Cll. 19 # 5-43, Barrio El Tiempo;Helena Duarte;3171063914
1090403308;CC;Fernanda Yajaira;Escalante;Bermúdez;danielayeseniaeb@misena.edu.co;jimenahannahd@outlook.com;3105132872;;O-;2001-9-14;Av. 14, Cll. 22 # 2-13, Barrio Los Palos;;
1092938912;CC;Élcida Valentina;Méndez;Martínez;esthermm@misena.edu.co;kamilavictoriah@outlook.com;3228226410;;O-;2001-9-15;Av. 23, Cll. 8 # 5-34, Barrio La Palabra;Catalina Méndez;3067884483
1090741671;CC;Benito Carmito;Díaz;Iglesias;benitacamiladi@misena.edu.co;loladarlingg@hotmail.com;3065306333;;A+;1994-12-24;Av. 2, Cll. 15 # 17-25, Barrio Diablo Viejo;Hannah Díaz;3098196772
1091254873;CC;Manuela Paula;Herrera;Fuentes;victoriaximenahf@misena.edu.co;ursulacarmenc@gmail.com;3116819475;6034396584;B+;2002-1-14;Av. 11, Cll. 24 # 2-16, Barrio Las Tres Ranas;Ángela Herrera;3131723520
1090058866;TI;Élcida Fernanda;Molina;Lozano;gabrielafabiolaml@misena.edu.co;hannahalban@gmail.com;3126795895;;O-;2007-1-18;Av. 1, Cll. 9 # 20-15, Barrio Ojo Por Ojo;Zaida Molina;3058613643
1090922320;CC;Jimena Élcida;Ferrero;Fuentes;belindagabrielaff@misena.edu.co;ingridwendym@gmail.com;3157093196;;O-;1999-2-2;Av. 25, Cll. 1 # 19-45, Barrio La Toronja;Iris Ferrero;3199971624
1090200314;TI;Paola Ximena;Figueredo;Núñez;victoriacarmenfn@misena.edu.co;danielamaiaj@gmail.com;3037200543;;O+;2007-1-17;Av. 20, Cll. 12 # 18-32, Barrio Los Calores;Fernanda Figueredo;3209396770
1091137415;CC;Kamila Josefa;López;Hernández;ingridmaialh@misena.edu.co;hannahvalentinaa@gmail.com;3055193762;;O+;2003-3-2;Av. 6, Cll. 12 # 9-30, Barrio El Contento;Yamile López;3059116494
1092422778;CC;Gabriel Carmito;Delgado;Jimenez;yamileluciadj@misena.edu.co;zaidacatalinal@outlook.com;3208428178;;O+;1993-10-2;Av. 4, Cll. 7 # 4-20, Barrio Los Siete;;
1090249764;CC;Lola Benita;Galván;Ibañez;karlaesthergi@misena.edu.co;helenaleidyc@outlook.com;3156488273;6035517079;AB+;1997-1-7;Av. 15, Cll. 6 # 1-25, Barrio Papaya Puesta;Sandra Galván;3016653095
1092320078;CC;Yesid;Castrillón;Gutierrez;yeseniacg@misena.edu.co;valeriasofiab@outlook.com;3064457458;;A+;1996-9-21;Av. 7, Cll. 24 # 7-48, Barrio Nuevo Monte;Geraldine Castrillón;3227583933
1092801868;CC;Osías Daniel;Falcón;Costa;ingridgeraldinefc@misena.edu.co;lolatamarae@gmail.com;3143272915;6032132229;O+;1994-1-23;Av. 4, Cll. 15 # 3-2, Barrio Bellagracia;Jimena Falcón;3151898300
1091471142;CC;Osías Tatán;Jimenez;Hidalgo;lolahelenajh@misena.edu.co;elcidaximenaf@gmail.com;3189135781;6017701698;AB-;2005-8-17;Av. 0, Cll. 3 # 1-36, Barrio Pelelojo;Cármen Jimenez;3169811756
1092324985;CC;Tifanny Betsy;Higuera;Castillo;analeidyhc@misena.edu.co;angelanancyf@gmail.com;3188514080;;A+;2003-5-21;Av. 24, Cll. 17 # 13-11, Barrio El Ciego;;
1093545347;CC;Tamara Isabel;Costa;;yeseniawandac@misena.edu.co;leidyluciam@gmail.com;3246853475;;O-;2001-9-21;Av. 20, Cll. 16 # 18-25, Barrio Los Aliens;Nury Costa;3198575372
1091378702;CC;Jimena Gabriela;Lázaro;Galván;genesistifannylg@misena.edu.co;willowfernandac@gmail.com;3207376132;6025449675;O-;1996-12-17;Av. 11, Cll. 3 # 10-30, Barrio La Fiesta;Dana Lázaro;3251585705
1090059595;CC;Fabiola Fernanda;Mesa;;gabrielatatianam@misena.edu.co;genesisvanessac@outlook.com;3026499005;;A+;2002-10-18;Av. 10, Cll. 24 # 19-49, Barrio Los Palos;Yamile Mesa;3211791820
1090936341;CC;Yamile Helena;Galván;Longaniza;geraldinenurygl@misena.edu.co;fabiolajosefah@gmail.com;3115729499;;A-;2004-2-7;Av. 24, Cll. 2 # 18-22, Barrio El Tiempo;Randy Galván;3044465590
1092600646;CC;Xavier Raúl;Castrillón;Antolinez;yeseniagenesisca@misena.edu.co;helenaingridh@gmail.com;3016210581;;O+;1994-11-7;Av. 20, Cll. 6 # 9-23, Barrio La Tableta;Josefa Castrillón;3107835850
1090851352;CC;Samuel Ignacio;Dominguez;Mejía;darlingtamaradm@misena.edu.co;leidybetsyi@gmail.com;3191573546;;B-;1997-1-4;Av. 12, Cll. 10 # 1-4, Barrio La Fiesta;Leidy Dominguez;3028576140
1090740783;CC;Nezareth Kevin;Jurado;Jácome;nurylolajj@misena.edu.co;estherbenitam@gmail.com;3197022613;;O+;1999-9-16;Av. 7, Cll. 7 # 8-12, Barrio Bellagracia;Jimena Jurado;3014885295
1093754548;CC;Valeria Valeria;Aguilar;Martínez;yamilepamelaam@misena.edu.co;vilmaelcidaa@gmail.com;3191188841;;A+;2002-12-7;Av. 20, Cll. 1 # 16-2, Barrio El Asustado;Raquel Aguilar;3181476024
1093103909;TI;Wilson Fernando;Mesa;Antolinez;vilmajimenama@misena.edu.co;zaidafabiolaj@hotmail.com;3179144690;6032987319;A-;2006-6-22;Av. 12, Cll. 15 # 15-32, Barrio Diablo Viejo;Fabiola Mesa;3012930878
1091553841;CC;Fabiola Yamile;Casas;Alarcón;nancyanaca@misena.edu.co;helenadanag@gmail.com;3135725097;6028076118;O-;2000-1-4;Av. 2, Cll. 10 # 12-22, Barrio Buenos Aires;Élcida Casas;3130923566
1093590111;CC;Víctor Gustavo;Lázaro;Costa;esmeraldairislc@misena.edu.co;carmengeraldinec@gmail.com;3258024792;;O+;2001-12-4;Av. 0, Cll. 24 # 7-50, Barrio La Sagrada;Wanda Lázaro;3231634592
1090208927;CC;Hannah Vilma;Higuera;Echeverri;mariazaidahe@misena.edu.co;karlayeseniaj@hotmail.com;3200925753;;A+;1994-2-14;Av. 6, Cll. 19 # 1-35, Barrio Los Siete;;
1091792973;CC;Maia Tatiana;Costa;Murillo;mariabelindacm@misena.edu.co;sandralaurac@outlook.com;3013774526;;O-;2004-9-20;Av. 9, Cll. 22 # 18-43, Barrio Buenos Aires;Isabel Costa;3113402290
1091520292;TI;Lucía Valeria;Durán;Higuera;helenahelenadh@misena.edu.co;fabiolaraquelh@gmail.com;3226424334;;O+;2006-11-25;Av. 6, Cll. 11 # 17-8, Barrio El Calentado;Victoria Durán;3078866625
1092206775;CC;Darling Willow;Figueroa;López;hannahvaleriafl@misena.edu.co;danaisabelb@gmail.com;3266530053;;A+;2003-12-24;Av. 7, Cll. 6 # 4-28, Barrio El Encierro;Catalina Figueroa;3155822871
1090112766;CC;Gabriela Lola;Hernández;Ibañez;helenabetsyhi@misena.edu.co;tifannypamelag@gmail.com;3011687931;;B+;1993-6-28;Av. 8, Cll. 0 # 8-48, Barrio El Contento;Vanessa Hernández;3142923370
1093339734;CC;Yesenia Leidy;Castillo;Jurado;maiasofiacj@misena.edu.co;ramonabetsyb@gmail.com;3034753200;;O-;2002-8-14;Av. 6, Cll. 5 # 3-30, Barrio El Cienpiés;;
1090465918;TI;Valeria Paola;Delgado;Dominguez;darlinghelenadd@misena.edu.co;nancyraquelb@outlook.com;3214696321;;O+;2007-6-12;Av. 4, Cll. 25 # 16-14, Barrio El Incauto;;
1093469288;TI;Nury Paola;Díaz;Gutierrez;nurybetsydg@misena.edu.co;esmeraldanancyh@outlook.com;3221217776;;O+;2006-9-24;Av. 20, Cll. 25 # 12-29, Barrio Ojo Por Ojo;Alba Díaz;3169393266
1093115933;CC;Gustavo Manuel;Fernández;Jimenez;ursulahellenfj@misena.edu.co;gabrielairisl@gmail.com;3111254492;;O-;2000-6-18;Av. 0, Cll. 10 # 8-19, Barrio El Atraco;Iris Fernández;3190474454
1090557045;TI;Pablo Lino;Noriega;Lázaro;sofiajimenanl@misena.edu.co;maiawandam@gmail.com;3130049461;;O+;2006-5-15;Av. 11, Cll. 6 # 5-38, Barrio La Tortura;Esther Noriega;3134103333
1091815933;TI;Daniel Pato;Figueredo;Gutierrez;genesisjimenafg@misena.edu.co;nurynuryh@gmail.com;3108190344;6019536187;O-;2006-1-21;Av. 8, Cll. 9 # 19-30, Barrio El Tiempo;Karla Figueredo;3121971025
1093165479;CC;Felipe Germán;Molina;Hernández;maialolamh@misena.edu.co;valentinabelindam@outlook.com;3174538493;;O+;1998-2-21;Av. 6, Cll. 12 # 6-44, Barrio La Vereda;Betsy Molina;3180270762
1093825274;CC;Samuel Tobías;Iglesias;Fernández;ramonaestherif@misena.edu.co;wandasandraf@gmail.com;3057945475;;B+;2005-6-17;Av. 1, Cll. 1 # 18-28, Barrio La Lupa;Yesenia Iglesias;3049770270
1093344373;CC;Sofia Samantha;Jácome;Casas;vilmayeseniajc@misena.edu.co;kamilaisabela@outlook.com;3027647522;;O-;1996-9-5;Av. 18, Cll. 14 # 8-46, Barrio Los Mosqueteros;Raquel Jácome;3253748970
1092866712;TI;Zión Xavier;Botija;Bermúdez;angelapaolabb@misena.edu.co;neydaanab@outlook.com;3169758815;6031681259;O-;2007-12-5;Av. 15, Cll. 11 # 11-15, Barrio La Cenicienta;Darling Botija;3223268057
1093916924;CC;Félix Roberto;Ferrero;Dominguez;angelayajairafd@misena.edu.co;carmensandral@gmail.com;3191599157;;AB+;2003-7-2;Av. 5, Cll. 20 # 20-32, Barrio Nuevo Monte;Sandra Ferrero;3165771871
1092918588;CC;Osías;Ibarra;Ibañez;pamelatamaraii@misena.edu.co;esmeraldahannahh@gmail.com;3122843186;;O+;1997-11-14;Av. 22, Cll. 15 # 17-13, Barrio La Sabana;Yajaira Ibarra;3003517559
1091656150;CC;Leidy Pamela;Ibarra;Ibarra;marcelahelenaii@misena.edu.co;valentinaraquelc@hotmail.com;3075689092;6033243857;O+;1998-10-6;Av. 14, Cll. 8 # 18-34, Barrio La Puntilla;Maia Ibarra;3100016435
1093274480;TI;Iris Ximena;Núñez;Benitez;yajairaelcidanb@misena.edu.co;paolaursulai@gmail.com;3150371702;;O-;2007-7-21;Av. 16, Cll. 5 # 16-44, Barrio El Atraco;Betsy Núñez;3055581824
1090982313;TI;Camilo Lino;Contreras;Fajardo;catalinarandycf@misena.edu.co;valentinatatianad@gmail.com;3081440755;6027518975;A+;2007-11-9;Av. 15, Cll. 19 # 12-45, Barrio La Tableta;Neyda Contreras;3222233294
1092323289;CC;Wilmar Noé;Figueredo;Fajardo;luciavaleriaff@misena.edu.co;genesisbelindai@outlook.com;3128340083;;O+;1998-11-9;Av. 13, Cll. 2 # 20-24, Barrio La Lejanía;Ana Figueredo;3014230898
1092189045;CC;Ana Darling;Jurado;Juárez;camilalolajj@misena.edu.co;sofiawendym@gmail.com;3230042834;6028169140;A-;1993-10-24;Av. 23, Cll. 1 # 6-6, Barrio Papaya Puesta;Willow Jurado;3223769645
1093864466;CC;Ángela Geraldine;Blandón;Escalona;yamilefabiolabe@misena.edu.co;benitaestherh@hotmail.com;3266520944;;B-;1998-10-4;Av. 16, Cll. 16 # 11-43, Barrio Altamira;Génesis Blandón;3070438101
1093914513;CC;Roberto Tobías;Escalona;;kamilazaidae@misena.edu.co;tifannyraquelj@gmail.com;3029408382;6026036991;O-;1993-8-2;Av. 4, Cll. 15 # 14-26, Barrio La Cenicienta;Paula Escalona;3248985929
1090569981;CC;Iris Sandra;López;;ingridolgal@misena.edu.co;sandrahannaha@hotmail.com;3170255200;;O-;2003-6-1;Av. 18, Cll. 5 # 11-39, Barrio La Aministía;Laura López;3132425024
1093139853;CC;Gustavo Carmito;Fibonacci;Gato;raquellaurafg@misena.edu.co;josefawendyc@gmail.com;3242290410;6026360875;A+;2001-8-13;Av. 19, Cll. 2 # 3-17, Barrio Zapato Roto;Sofia Fibonacci;3068621430
1093961713;CC;Único Felipe;Juárez;Miranda;catalinalaurajm@misena.edu.co;leidyluciam@gmail.com;3009653799;;B+;2004-5-4;Av. 13, Cll. 16 # 3-26, Barrio El Atraco;;
1091261477;TI;Gabriel Pato;Antolinez;Lázaro;anahelenaal@misena.edu.co;albakamilam@gmail.com;3134999057;;A+;2007-3-9;Av. 3, Cll. 11 # 10-46, Barrio El Asustado;Manuela Antolinez;3037163187
1093110080;CC;Camila Ángela;Casas;Fajardo;yeseniaelcidacf@misena.edu.co;sofiapaolaf@hotmail.com;3085181046;6023965561;AB+;1995-1-27;Av. 2, Cll. 23 # 3-50, Barrio La Angustia;Wendy Casas;3072409244
1091511501;CC;Jorge Carmito;Gélvez;Alcocer;paulanancyga@misena.edu.co;paolawendyh@gmail.com;3039333214;;A-;1993-9-17;Av. 0, Cll. 16 # 13-22, Barrio La Vereda;Ximena Gélvez;3041643976
1091703012;CC;Humberto Ernesto;Hurtado;Botija;betsyzaidahb@misena.edu.co;leidysamanthac@gmail.com;3195138260;;A+;2001-3-17;Av. 4, Cll. 8 # 16-16, Barrio Los Palos;Ramona Hurtado;3053514163
1092372556;TI;Ramón Carmito;Hurtado;Higuera;maiasamanthahh@misena.edu.co;samanthaesmeraldac@gmail.com;3054960037;;A-;2007-1-4;Av. 23, Cll. 24 # 7-12, Barrio El Contento;Élcida Hurtado;3122258003
1090029132;CC;Vladimir Omar;Higuera;Florez;kamilaalbahf@misena.edu.co;jazmincamilan@gmail.com;3115378076;6016119069;AB+;1994-10-15;Av. 12, Cll. 13 # 1-12, Barrio Los Palos;;
1091949143;TI;Zaida Ximena;Jaramillo;Díaz;kamilatamarajd@misena.edu.co;angeladanielae@gmail.com;3144460440;;A+;2006-5-25;Av. 17, Cll. 18 # 19-48, Barrio El Ciego;Génesis Jaramillo;3259449936
1091658611;CC;Heynner;Aguilar;Lázaro;ursulamanuelaal@misena.edu.co;elcidaingridh@gmail.com;3191703293;;B+;1994-8-10;Av. 18, Cll. 17 # 20-5, Barrio Ojo Por Ojo;;
1093815500;CC;Tamara Vilma;Echeverri;Jácome;randymarcelaej@misena.edu.co;hellenfabiolab@hotmail.com;3059711561;;O-;2005-6-11;Av. 0, Cll. 7 # 2-3, Barrio El Arrastrado;Yamile Echeverri;3263681017
1090335174;CC;Jesús;Florez;Mejía;wandaangelafm@misena.edu.co;catalinaolgam@outlook.com;3136656341;;O-;1998-9-14;Av. 0, Cll. 13 # 20-18, Barrio El Ciego;Vilma Florez;3143134862
1090008695;TI;Luis;Blandón;Dominguez;leidycamilabd@misena.edu.co;jazminsamanthac@gmail.com;3130011110;6034621346;A-;2006-8-5;Av. 9, Cll. 7 # 20-48, Barrio La Sagrada;Fabiola Blandón;3216908050
1091311222;TI;Vanessa;Alcocer;Fernández;olgavalentinaaf@misena.edu.co;danielatifannyl@hotmail.com;3061449525;;AB+;2007-2-26;Av. 19, Cll. 2 # 1-25, Barrio El Mirador;Tamara Alcocer;3116334800
1091491207;CC;Geraldine Tamara;Casas;Jácome;ramonaneydacj@misena.edu.co;hellenjosefaa@gmail.com;3118451038;;O-;1993-2-26;Av. 2, Cll. 21 # 12-41, Barrio Los Mosqueteros;Lola Casas;3127737667
1093218560;CC;Yesenia Vilma;Delgado;Florez;tifannyloladf@misena.edu.co;elcidamariaa@gmail.com;3039066747;6030585452;O-;1998-9-19;Av. 6, Cll. 9 # 9-40, Barrio Cúcuta 75;Benita Delgado;3062046498
1091377153;CC;Lola Jazmín;Díaz;Lázaro;paulalauradl@misena.edu.co;leidygenesise@hotmail.com;3003631341;;O+;1998-5-2;Av. 23, Cll. 24 # 15-22, Barrio El Viento;Neyda Díaz;3210123319
1093773182;CC;Carlos Néstor;Contreras;Higuera;olgajazminch@misena.edu.co;angelavalentinab@gmail.com;3233443402;;A+;1996-11-1;Av. 5, Cll. 15 # 20-25, Barrio La Invasión;Samantha Contreras;3078300928
1090968608;CC;Luis Felipe;Blandón;Gato;angelakarlabg@misena.edu.co;isabeltamarad@gmail.com;3061736676;;O+;2001-7-2;Av. 24, Cll. 7 # 8-47, Barrio Carro Viejo;Lola Blandón;3216995649
1092530488;CC;Yadiel Isaías;Hurtado;Domingo;karlapamelahd@misena.edu.co;tatianalaurah@gmail.com;3093258456;;O-;1993-11-1;Av. 18, Cll. 13 # 6-42, Barrio Tres Pares;Hellen Hurtado;3050460722
1093965523;CC;Wilmar Gabriel;Figueredo;Alarcón;fernandadanielafa@misena.edu.co;catalinanuryf@gmail.com;3145313899;;A+;2000-11-18;Av. 17, Cll. 6 # 5-17, Barrio El Atumbado;Geraldine Figueredo;3041991191
1092963012;CC;Hellen;Bermúdez;Longaniza;nancyolgabl@misena.edu.co;camilaesthern@gmail.com;3086553279;;AB+;1996-11-20;Av. 23, Cll. 11 # 11-42, Barrio El Contento;Valeria Bermúdez;3194935518
1090735378;CC;Urso Felipe;Fajardo;Noriega;laurafabiolafn@misena.edu.co;hannahyajairaf@hotmail.com;3240252076;;O-;2001-8-16;Av. 17, Cll. 7 # 20-22, Barrio La Sagrada;Tatiana Fajardo;3235558072
1091399154;CC;Ana Helena;Figueredo;Bermúdez;yajairaalbafb@misena.edu.co;neydahannahd@outlook.com;3191926768;;O+;2004-9-14;Av. 1, Cll. 12 # 5-31, Barrio La Sabana;;
1093854499;CC;Fernanda Maia;Cárdenas;Contreras;samantharandycc@misena.edu.co;camilamarcelaf@gmail.com;3048870505;;A-;1995-4-16;Av. 3, Cll. 21 # 13-33, Barrio La Sonrisa;Tifanny Cárdenas;3172703247
1091649935;CC;Ángela Leidy;Mesa;López;josefaml@misena.edu.co;manuelahellena@gmail.com;3267308989;6023939709;O-;2000-12-1;Av. 18, Cll. 16 # 1-1, Barrio La Sabana;Vanessa Mesa;3262691614
1091941335;CC;Betsy Camila;Contreras;Figueredo;olgahannahcf@misena.edu.co;betsypaolaa@gmail.com;3166909881;;O+;1997-1-11;Av. 23, Cll. 21 # 15-4, Barrio El Boliche;;
1090335976;CC;Fabiola Olga;Contreras;Alba;albaluciaca@misena.edu.co;leidysandraj@gmail.com;3139750424;;A-;2000-1-5;Av. 0, Cll. 5 # 14-38, Barrio La Toronja;;
1093287670;CC;Víctor Wilmar;Méndez;Domingo;yeseniacatalinamd@misena.edu.co;paulayeseniac@outlook.com;3093681316;;B-;1995-10-6;Av. 22, Cll. 23 # 12-20, Barrio El Abrume;Paula Méndez;3231103775
1091429213;CC;Olga Nancy;Méndez;Lozano;darlingml@misena.edu.co;zaidaraquelj@hotmail.com;3166665393;;B+;1998-7-13;Av. 3, Cll. 16 # 16-3, Barrio El Arrunche;María Méndez;3122813204
1093725870;CC;Victoria Olga;Duque;Sánchez;sofiawandads@misena.edu.co;lauramarcelac@gmail.com;3082364032;;A+;2001-1-9;Av. 6, Cll. 18 # 8-28, Barrio Diablo Viejo;Yamile Duque;3073010107
1092391053;CC;Laura Manuela;Jimenez;Gélvez;belindamanuelajg@misena.edu.co;raqueldarlingb@gmail.com;3246370316;;B+;2003-3-7;Av. 9, Cll. 17 # 5-32, Barrio La Monja;Dana Jimenez;3153275858
1092294819;CC;Úrsula Jimena;Antolinez;Falcón;willowdanielaaf@misena.edu.co;ramonajosefad@gmail.com;3160237743;;B-;2002-12-9;Av. 3, Cll. 6 # 12-27, Barrio La Muralla;Catalina Antolinez;3115865524
1092129917;CC;Ana Ximena;Méndez;Higuera;ramonacamilamh@misena.edu.co;carmentamarah@gmail.com;3130172184;;A-;1996-2-10;Av. 10, Cll. 14 # 19-27, Barrio Zapato Roto;Élcida Méndez;3152914707
1093228348;CC;Manuela Sofia;Fuentes;Herrera;neydacamilafh@misena.edu.co;fernandajazmina@gmail.com;3052777344;6020173978;O-;1994-10-13;Av. 20, Cll. 14 # 3-21, Barrio La Invasión;Yesenia Fuentes;3176542774
1092743581;CC;Omar Yadiel;Jimenez;;yajairacatalinaj@misena.edu.co;luciasamanthaj@gmail.com;3044210909;;O+;2004-9-20;Av. 6, Cll. 7 # 5-40, Barrio El Rumbón;Hannah Jimenez;3133599144
1093474785;CC;Laura;Hurtado;Longaniza;sofiacamilahl@misena.edu.co;camilanancyg@gmail.com;3151282593;;A+;2001-10-28;Av. 15, Cll. 23 # 18-30, Barrio El Venado;Wanda Hurtado;3207807755
1090459983;CC;Jorge Eulices;Ibañez;Lozano;ximenawendyil@misena.edu.co;neydaelcidah@outlook.com;3020675359;;O-;1993-9-28;Av. 22, Cll. 18 # 15-46, Barrio La Chismosa;Maia Ibañez;3172524684
1093504669;CC;Karla;Murillo;Delgado;raquelwendymd@misena.edu.co;isabelyesenian@hotmail.com;3006103688;;O+;1997-7-24;Av. 19, Cll. 20 # 15-38, Barrio El Asustado;Sofia Murillo;3144688919
1091530226;CC;Ramona Yajaira;López;Bermúdez;wendycatalinalb@misena.edu.co;valentinaesmeraldab@outlook.com;3104985457;6019221583;O-;1995-11-8;Av. 17, Cll. 17 # 8-37, Barrio El Atraco;Tatiana López;3178320261
1091566659;CC;Yesid Manuel;Aguilar;Figueroa;irislauraaf@misena.edu.co;nuryfabiolac@gmail.com;3263770072;;O-;2004-12-19;Av. 6, Cll. 9 # 5-40, Barrio Papaya Puesta;;
1093109847;CC;Ximena Catalina;Jurado;Méndez;catalinapaulajm@misena.edu.co;victoriazaidam@gmail.com;3164932076;;B-;2004-7-11;Av. 9, Cll. 17 # 7-1, Barrio La Garita;Tamara Jurado;3230971814
1090356191;CC;Tobías Isaías;Hidalgo;Alba;valeriayajairaha@misena.edu.co;yamilegeraldineb@gmail.com;3106444318;;O+;1997-2-20;Av. 14, Cll. 12 # 11-45, Barrio La Puntilla;Esther Hidalgo;3064034011
1093099911;TI;Samantha Wanda;Fuentes;Benitez;darlingtifannyfb@misena.edu.co;manuelairisj@gmail.com;3038516996;;B+;2007-12-18;Av. 17, Cll. 6 # 3-22, Barrio Los Mosqueteros;Hannah Fuentes;3134862420
1093010917;CC;Nury Samantha;Alarcón;Duque;nuryad@misena.edu.co;ramonahellenh@hotmail.com;3191677378;;O-;1995-7-9;Av. 10, Cll. 25 # 2-48, Barrio El Tiempo;Iris Alarcón;3180459172
1092203165;CC;Ramón Bernardo;Higuera;García;jimenamariahg@misena.edu.co;olgaolgaj@gmail.com;3015603800;;B+;1997-12-18;Av. 1, Cll. 0 # 11-24, Barrio El Arrunche;Catalina Higuera;3049547409
1093992742;CC;Fabiola Isabel;Fuentes;Martínez;camilahannahfm@misena.edu.co;betsyraquelb@outlook.com;3038470139;;O-;2001-5-2;Av. 11, Cll. 10 # 15-14, Barrio El Viento;Maia Fuentes;3144007809
1090387737;CC;Nezareth Osvaldo;Garmendia;Cárdenas;danaesmeraldagc@misena.edu.co;tatianabetsyf@hotmail.com;3161238509;;O-;1999-12-26;Av. 20, Cll. 0 # 17-42, Barrio Tres Pares;Sandra Garmendia;3047242884
1090927360;CC;Félix Quico;Dominguez;Sánchez;ximenabenitads@misena.edu.co;benitaisabelh@outlook.com;3158601207;;O-;2002-1-14;Av. 13, Cll. 22 # 20-32, Barrio El Venado;Sandra Dominguez;3218706091
1090572345;TI;Ignacio Benito;Cárdenas;Falcón;jazmincf@misena.edu.co;carmentatianaf@outlook.com;3028719503;;O-;2007-8-19;Av. 22, Cll. 10 # 9-23, Barrio El Viento;Vanessa Cárdenas;3062625486
1091160584;CC;Benita Hellen;Gutierrez;Lozano;jazmingl@misena.edu.co;sofiaestherj@hotmail.com;3013770331;;O+;1998-7-22;Av. 21, Cll. 0 # 2-38, Barrio Los Siete;Fabiola Gutierrez;3018939760
1091401701;CC;Neyda Lucía;Garmendia;García;ingridfabiolagg@misena.edu.co;tamaraestherj@gmail.com;3222412406;;A-;1999-10-4;Av. 4, Cll. 1 # 6-42, Barrio El Ciego;;
1092347001;TI;Wendy Tifanny;Figueroa;Díaz;albajosefafd@misena.edu.co;tifannymariag@gmail.com;3266430295;;B+;2006-5-12;Av. 13, Cll. 10 # 18-6, Barrio El Contento;Tifanny Figueroa;3193989921
1092533230;CC;Ismael Urías;Alcocer;Hurtado;betsyjosefaah@misena.edu.co;yajairakarlag@gmail.com;3002355752;;B+;1994-10-10;Av. 22, Cll. 4 # 20-4, Barrio La Garita;Victoria Alcocer;3193703385
1091446314;CC;Yadiel Armando;Fernández;Casas;betsyluciafc@misena.edu.co;esmeraldamaiae@gmail.com;3022466967;;B-;1994-1-27;Av. 22, Cll. 24 # 10-4, Barrio El Atumbado;Laura Fernández;3078098200
1092718528;TI;Nury Yajaira;Jimenez;Fajardo;willowjimenajf@misena.edu.co;danahelenad@outlook.com;3126205601;;O+;2007-4-25;Av. 4, Cll. 20 # 8-40, Barrio El Tiempo;Neyda Jimenez;3238937832
1091239198;TI;Vanessa Vanessa;Jácome;Contreras;randyjimenajc@misena.edu.co;kamilabetsye@gmail.com;3187519488;;O+;2006-8-27;Av. 8, Cll. 10 # 13-21, Barrio Diablo Viejo;Camila Jácome;3044787572
1092526293;CC;Raquel Karla;Contreras;Benitez;genesiscb@misena.edu.co;lauramariai@hotmail.com;3092099426;;AB-;2003-12-7;Av. 20, Cll. 12 # 18-19, Barrio El Atumbado;;
1091951545;TI;Daniel Daniel;Murillo;;helenalolam@misena.edu.co;helenakamilag@gmail.com;3253107401;;O+;2007-7-14;Av. 16, Cll. 22 # 11-4, Barrio Dos Moscas;Ángela Murillo;3011015861
1093911237;CC;Tobías Wilmer;Castrillón;Botija;ximenabetsycb@misena.edu.co;jimenatifannyg@hotmail.com;3041178410;;A-;2003-11-20;Av. 5, Cll. 25 # 20-7, Barrio El Cienpiés;Betsy Castrillón;3228054676
1090872468;TI;Benito Urso;Blandón;Juárez;albamaiabj@misena.edu.co;zaidaximenaf@gmail.com;3189826813;;O+;2006-3-15;Av. 18, Cll. 14 # 15-37, Barrio Nuevo Monte;Ana Blandón;3060100220
1092545330;CC;Élcida Yamile;Balanta;Escalona;sandraximenabe@misena.edu.co;benitacatalinab@gmail.com;3151719107;;A+;1996-7-23;Av. 22, Cll. 19 # 9-23, Barrio Diablo Viejo;Leidy Balanta;3051258940
1093307560;CC;Único Carlos;Alarcón;López;josefalolaal@misena.edu.co;fabiolakarlab@gmail.com;3177922592;6022980589;A-;1998-11-10;Av. 19, Cll. 15 # 3-6, Barrio El Boliche;Cármen Alarcón;3091304441
1090706676;CC;Manuel Tobías;Castillo;Sánchez;hellensofiacs@misena.edu.co;karlacatalinaf@hotmail.com;3161496706;;A-;2004-4-18;Av. 10, Cll. 7 # 2-14, Barrio Carro Viejo;Josefa Castillo;3013059855
1093554912;CC;Wanda Kamila;Gélvez;Benitez;nuryleidygb@misena.edu.co;ximenaursulaj@gmail.com;3168957459;6027207435;AB+;2003-2-11;Av. 8, Cll. 15 # 19-34, Barrio El Cienpiés;María Gélvez;3067833382
1092808184;TI;Yadiel Wilmar;Hurtado;López;valentinaangelahl@misena.edu.co;carmenursulaa@gmail.com;3178654870;;AB-;2007-3-13;Av. 10, Cll. 17 # 9-9, Barrio Carro Viejo;;
1090806293;CC;Wilson Nezareth;Alarcón;Casas;geraldinebelindaac@misena.edu.co;geraldinebenitac@gmail.com;3262723442;;O-;1997-2-2;Av. 17, Cll. 7 # 11-19, Barrio El Contento;Willow Alarcón;3026615750
1091245226;CC;Wilmar Tobías;Gélvez;;lauraesmeraldag@misena.edu.co;vilmapaolan@gmail.com;3252261991;;O-;2003-2-1;Av. 2, Cll. 22 # 20-42, Barrio El Ciego;Jazmín Gélvez;3095315866
1093950860;CC;Jesús Yadiel;Antolinez;Mejía;yamileanaam@misena.edu.co;josefamariae@outlook.com;3206967807;;A-;1997-4-13;Av. 16, Cll. 1 # 8-27, Barrio Dos Moscas;Cármen Antolinez;3237222216
1093204216;CC;Pablo;Martínez;Gutierrez;josefahelenamg@misena.edu.co;hellenbelindag@gmail.com;3107934367;;A+;1996-5-16;Av. 13, Cll. 3 # 14-50, Barrio Papaya Puesta;;
1091394174;CC;Wilmar Simón;Jimenez;Costa;karlasandrajc@misena.edu.co;angelaneydaa@gmail.com;3117596767;6030513138;O+;1997-9-28;Av. 6, Cll. 0 # 4-10, Barrio Zapato Roto;Victoria Jimenez;3214174572
1092718311;CC;Ismael Kevin;Sánchez;;esthermaias@misena.edu.co;valeriavilmaf@gmail.com;3139673805;;AB+;1998-9-10;Av. 16, Cll. 3 # 13-36, Barrio La Lupa;Nancy Sánchez;3128720955
1090896598;CC;Jazmín;Dávila;Delgado;esmeraldadd@misena.edu.co;ingridangelaf@outlook.com;3076788749;6026175284;AB+;1995-7-15;Av. 20, Cll. 13 # 18-13, Barrio La Langosta;Alba Dávila;3140142991
1092004728;CC;Zión Quico;Figueredo;Casas;ramonafc@misena.edu.co;raquelirisl@gmail.com;3072519136;;A-;2000-7-19;Av. 14, Cll. 10 # 3-27, Barrio Los Mosqueteros;Josefa Figueredo;3133216995
1093792313;CC;Beto Damián;Núñez;Higuera;fernandadananh@misena.edu.co;ramonakarlaa@gmail.com;3256349283;6030871041;O+;1999-8-18;Av. 16, Cll. 20 # 6-22, Barrio La Altura;Maia Núñez;3104665868
1090850122;CC;Armando Wilmer;Castrillón;Ferrero;isabellolacf@misena.edu.co;ximenapaolam@hotmail.com;3038416875;;A+;1998-1-28;Av. 24, Cll. 12 # 5-9, Barrio La Sabana;;
1092891334;CC;Jazmín Gabriela;Fernández;Duque;hellenlolafd@misena.edu.co;wandaalbag@outlook.com;3191954370;;O-;1996-2-2;Av. 18, Cll. 1 # 1-49, Barrio Las Tres Ranas;Nancy Fernández;3001424260
1090334143;CC;Damián Yadiel;Castrillón;Antolinez;randyramonaca@misena.edu.co;geraldinecamilah@gmail.com;3109249141;;A+;1994-3-11;Av. 15, Cll. 15 # 5-26, Barrio La Lupa;Maia Castrillón;3109434016
1093033552;CC;Génesis Élcida;Higuera;Contreras;danielaingridhc@misena.edu.co;leidyneydah@gmail.com;3116915503;;B-;2000-2-17;Av. 0, Cll. 4 # 1-2, Barrio La Palabra;Sofia Higuera;3105214651
1092699002;CC;Gabriela Nury;Juárez;Figueredo;samanthabenitajf@misena.edu.co;nurytatianac@gmail.com;3163149689;;O-;2000-1-15;Av. 25, Cll. 20 # 11-8, Barrio Papaya Partida;Pamela Juárez;3125540526
1091749382;CC;Tatiana;Núñez;Ibañez;josefayajairani@misena.edu.co;belindalolaf@gmail.com;3225365841;;A-;2000-1-24;Av. 13, Cll. 24 # 20-5, Barrio El Atraco;;
1090837634;CC;Ismael Víctor;Jurado;;anaanaj@misena.edu.co;irispamelaf@gmail.com;3087772849;;B+;2001-8-1;Av. 24, Cll. 24 # 2-16, Barrio Los Palos;Hannah Jurado;3163800172
1091230516;CC;Valentino Wilmer;Méndez;Bermúdez;vanessadanamb@misena.edu.co;genesisestherm@gmail.com;3059943085;;O-;1998-8-2;Av. 22, Cll. 5 # 14-11, Barrio El Rumbón;Wendy Méndez;3253978380
1090231827;CC;Tatán Juan;García;Castillo;victoriawandagc@misena.edu.co;vanessafabiolac@hotmail.com;3262488515;;O-;2005-1-23;Av. 4, Cll. 11 # 17-46, Barrio La Fiesta;Fabiola García;3181323075
1092737251;CC;Urso Juan;Benitez;Castillo;angelaisabelbc@misena.edu.co;angelaursulai@outlook.com;3186107644;;B-;1993-12-26;Av. 21, Cll. 8 # 2-36, Barrio La Papaya;María Benitez;3135531839
1092765712;CC;Tatiana María;Hernández;Gutierrez;danafernandahg@misena.edu.co;angeladanielam@gmail.com;3227492569;;A-;1996-10-27;Av. 18, Cll. 10 # 5-35, Barrio El Chistesito;Élcida Hernández;3074145473
1091849630;CC;Belinda Manuela;Ibañez;Castillo;ingridelcidaic@misena.edu.co;tifannyvaleriaf@gmail.com;3122216391;;O+;2002-10-10;Av. 20, Cll. 25 # 15-29, Barrio La Chismosa;Fabiola Ibañez;3239248384
1092456006;CC;Génesis;Hurtado;Fibonacci;jazminhannahhf@misena.edu.co;belindacatalinag@gmail.com;3180206133;;A-;1998-8-18;Av. 0, Cll. 20 # 5-9, Barrio La Monja;Ingrid Hurtado;3012892095
1093233449;TI;Leonardo Gustavo;Méndez;;wandadanielam@misena.edu.co;hellenhannahg@hotmail.com;3231344941;;O+;2007-1-17;Av. 24, Cll. 21 # 3-13, Barrio La Cenicienta;;
1093894151;CC;Olga Maia;Ferrero;Herrera;leidygeraldinefh@misena.edu.co;randyelcidam@gmail.com;3048059970;;B+;1994-2-2;Av. 22, Cll. 24 # 10-47, Barrio Dos Moscas;Hannah Ferrero;3116342584
1090793893;CC;Camilo Urso;Miranda;Aguilar;pamelaalbama@misena.edu.co;belindaestherf@gmail.com;3246616039;;B+;1995-1-10;Av. 11, Cll. 14 # 17-27, Barrio La Altura;Élcida Miranda;3086346700
1093720730;CC;Nury Lola;Castrillón;Jaramillo;leidyzaidacj@misena.edu.co;danielabetsyf@gmail.com;3255950368;;O+;1998-5-11;Av. 9, Cll. 4 # 20-7, Barrio El Abrume;;
1093775089;CC;Ramón Omar;Hidalgo;Ferrero;kamilasamanthahf@misena.edu.co;randydanielah@hotmail.com;3205719361;6030153726;B+;2004-7-14;Av. 15, Cll. 7 # 4-24, Barrio Altamira;Nancy Hidalgo;3039591826
1091130695;CC;Meteoro Raúl;Molina;Dávila;hellenhellenmd@misena.edu.co;luciajimenam@gmail.com;3173649137;;O+;2001-6-2;Av. 2, Cll. 21 # 10-34, Barrio El Silencio;Isabel Molina;3231687360
1091264753;CC;Isaías;Juárez;Duque;anaisabeljd@misena.edu.co;luciatamarah@hotmail.com;3024260135;;B+;2003-10-18;Av. 18, Cll. 8 # 9-32, Barrio El Boliche;Nancy Juárez;3236153701
1091349971;CC;Zaida Esmeralda;Bermúdez;Lázaro;anatamarabl@misena.edu.co;nuryyamilej@hotmail.com;3197887528;;AB-;1998-9-5;Av. 13, Cll. 3 # 2-1, Barrio Cúcuta 75;Maia Bermúdez;3141187205
1091485230;CC;Tatán Noé;García;Hernández;esthersamanthagh@misena.edu.co;camilayeseniab@gmail.com;3200582593;;O+;2001-10-22;Av. 11, Cll. 18 # 19-28, Barrio Los Calores;Willow García;3066341357
1093759628;CC;Laura Camila;Hidalgo;Iglesias;wendynancyhi@misena.edu.co;karlavictoriad@gmail.com;3114298737;;A+;2003-1-14;Av. 12, Cll. 23 # 15-9, Barrio Los Invadidos;Marcela Hidalgo;3224813269
1091373925;CC;Humberto Pablo;Alarcón;Galván;neydasofiaag@misena.edu.co;marcelahelenam@outlook.com;3220211015;;O-;1997-12-10;Av. 17, Cll. 9 # 19-28, Barrio La Tortura;Kamila Alarcón;3214674807
1091843501;CC;Marcela Zaida;Fibonacci;Fernández;lolayamileff@misena.edu.co;fernandaangelae@outlook.com;3035570802;6029603592;B-;1993-2-3;Av. 14, Cll. 3 # 3-33, Barrio Nuevo Monte;Lucía Fibonacci;3213145111
1093057307;CC;Alba Esther;Lázaro;Martínez;sandradarlinglm@misena.edu.co;lolafernandam@gmail.com;3031567446;6020503208;O-;1998-5-14;Av. 22, Cll. 21 # 11-13, Barrio Zapato Roto;;
1090762333;CC;Pato Armando;Gélvez;Fuentes;danielaalbagf@misena.edu.co;helenayeseniaj@gmail.com;3023237687;;A+;2005-12-19;Av. 10, Cll. 10 # 18-19, Barrio La Cuna;Belinda Gélvez;3226214734
1090057280;CC;Xavier Pato;Casas;Ibañez;ursulavictoriaci@misena.edu.co;carmenfernandab@gmail.com;3106814992;;O-;1994-1-2;Av. 19, Cll. 16 # 12-40, Barrio Tres Pares;Vanessa Casas;3074068376
1090700765;CC;Valeria Geraldine;Domingo;Molina;yeseniavalentinadm@misena.edu.co;zaidaraquela@outlook.com;3256940353;;O-;1996-5-23;Av. 20, Cll. 4 # 2-26, Barrio El Ciego;Nancy Domingo;3091434150
1090485975;CC;Sofia Sandra;Juárez;Hidalgo;mariajh@misena.edu.co;benitapaulan@gmail.com;3001167946;;O-;1993-6-9;Av. 1, Cll. 18 # 19-14, Barrio El Mirador;Josefa Juárez;3134624632
1091406440;CC;Darling Willow;Balanta;Hidalgo;wendyursulabh@misena.edu.co;ursulaximenaj@gmail.com;3233840851;;O-;1995-7-11;Av. 1, Cll. 14 # 15-14, Barrio La Vereda;Isabel Balanta;3002328589
1090875743;CC;Tamara Wanda;López;Molina;vilmayesenialm@misena.edu.co;gabrielageraldinec@gmail.com;3062007098;;B+;2003-10-1;Av. 0, Cll. 3 # 15-21, Barrio La Puntilla;Samantha López;3187797089
1093512028;CC;Lola;Sánchez;Domingo;wendysd@misena.edu.co;randyyeseniag@hotmail.com;3039682126;;AB-;2002-3-10;Av. 2, Cll. 1 # 1-28, Barrio La Puntilla;Hannah Sánchez;3172626547
1093039163;CC;Willow Ximena;Costa;Sánchez;maiaximenacs@misena.edu.co;valentinavalentinah@gmail.com;3128324234;;O+;1998-3-23;Av. 20, Cll. 7 # 5-9, Barrio El Serrucho;;
1092159354;TI;Fabiola Neyda;Figueredo;Longaniza;fernandafl@misena.edu.co;wandavilmah@gmail.com;3018904653;;A-;2007-5-28;Av. 11, Cll. 22 # 14-46, Barrio El Asustado;Gabriela Figueredo;3014173480
1092638574;CC;Ingrid Leidy;Duarte;Murillo;pamelamanueladm@misena.edu.co;genesistamarah@hotmail.com;3215861534;;O-;1998-5-24;Av. 20, Cll. 20 # 14-37, Barrio Bellagracia;Isabel Duarte;3243471303
1093566955;CC;Germán Sebastián;Méndez;Ferrero;benitageraldinemf@misena.edu.co;geraldineraquele@hotmail.com;3094663019;;AB+;2002-7-24;Av. 14, Cll. 22 # 4-43, Barrio La Lupa;Esther Méndez;3099885909
1090374975;TI;Marcela Isabel;Costa;Juárez;wandagabrielacj@misena.edu.co;tifannywillowb@gmail.com;3117702190;;O+;2006-5-20;Av. 17, Cll. 6 # 3-45, Barrio La Monja;;
1091899273;CC;Esther Zaida;Fajardo;Lozano;raquelfl@misena.edu.co;lolaolgac@gmail.com;3193283426;;O-;2005-11-22;Av. 11, Cll. 9 # 20-29, Barrio El Contento;Daniela Fajardo;3073527741
1091075172;CC;Isabel Valeria;Lozano;Gato;genesiswillowlg@misena.edu.co;sofiapamelah@gmail.com;3177689372;;B+;1999-8-6;Av. 3, Cll. 11 # 10-41, Barrio Nuevo Monte;Nancy Lozano;3185693329
1092090227;CC;Omar Leonardo;Escalante;Núñez;danayeseniaen@misena.edu.co;randypaolaf@gmail.com;3131951610;;A-;1997-7-28;Av. 18, Cll. 1 # 12-25, Barrio El Ciego;Olga Escalante;3176778931
1092038356;CC;Valentina Dana;Núñez;Dávila;karlarandynd@misena.edu.co;vanessaleidyg@gmail.com;3168058371;;A+;2005-5-3;Av. 22, Cll. 14 # 16-30, Barrio La Cuna;Geraldine Núñez;3107736045
1090804757;CC;Hellen Esther;Lozano;Castrillón;pamelalc@misena.edu.co;albaanaf@outlook.com;3143458228;;A-;1998-2-22;Av. 2, Cll. 0 # 9-9, Barrio El Mirador;Geraldine Lozano;3061118965
1091726446;CC;Único Wilson;Alcocer;Gélvez;kamilaestherag@misena.edu.co;mariamaiae@gmail.com;3102614090;6018443868;B+;2000-4-3;Av. 9, Cll. 22 # 15-45, Barrio El Contento;Génesis Alcocer;3044467362
1093515294;CC;Raúl;Fuentes;Figueredo;geraldinesamanthaff@misena.edu.co;vilmacarmend@hotmail.com;3248882969;;O-;1998-4-8;Av. 8, Cll. 8 # 18-28, Barrio El Venado;Catalina Fuentes;3070443788
1092395767;CC;Helena;Bermúdez;Jimenez;angelacatalinabj@misena.edu.co;manuelafabiolaa@gmail.com;3206853589;;O+;1999-7-5;Av. 15, Cll. 10 # 11-41, Barrio Los Calores;Daniela Bermúdez;3044544598
1090639869;CC;Ramón Osvaldo;Garmendia;Delgado;valeriakarlagd@misena.edu.co;danielalaurad@hotmail.com;3133103005;6018947902;O+;1994-3-11;Av. 25, Cll. 6 # 2-4, Barrio Papaya Partida;Úrsula Garmendia;3185431705
1093162898;CC;Dana Génesis;Miranda;Lozano;irisgabrielaml@misena.edu.co;randyangelac@gmail.com;3158209097;;O+;1994-6-14;Av. 4, Cll. 5 # 12-20, Barrio La Muralla;Ángela Miranda;3067769060
1091021471;TI;Jorge;Botija;;paolab@misena.edu.co;darlingwendyl@hotmail.com;3131793179;;A-;2006-2-27;Av. 16, Cll. 0 # 12-12, Barrio Altamira;Leidy Botija;3094621465
1091914640;CC;Urso Isaías;Falcón;Iglesias;randyjazminfi@misena.edu.co;fabiolaursulab@gmail.com;3170100555;;O+;1994-7-2;Av. 3, Cll. 9 # 7-23, Barrio Cúcuta 75;Wendy Falcón;3113130904
1092268782;CC;Lucía Tatiana;Alcocer;Longaniza;fernandamaiaal@misena.edu.co;zaidajosefal@gmail.com;3197374118;;O+;1997-3-13;Av. 5, Cll. 0 # 6-7, Barrio Pelelojo;;
1090788113;CC;Vanessa Tamara;Duarte;Duarte;yamilejosefadd@misena.edu.co;fabiolamaiaa@gmail.com;3010116428;;AB-;1993-1-10;Av. 21, Cll. 1 # 18-49, Barrio Nuevo Monte;Gabriela Duarte;3136589604
1092980386;TI;Ramón Xavier;Garmendia;Fajardo;camilakamilagf@misena.edu.co;valeriajosefad@gmail.com;3053735737;;A-;2006-2-8;Av. 17, Cll. 23 # 5-13, Barrio El Abrume;Daniela Garmendia;3013894118
1090370689;CC;Único Meteoro;Gutierrez;Domingo;yesenialauragd@misena.edu.co;genesisleidyf@gmail.com;3135422047;6021911575;B+;2002-12-21;Av. 1, Cll. 6 # 20-41, Barrio Nuevo Monte;Génesis Gutierrez;3064911178
1091146331;CC;Kamila Fernanda;Molina;;ramonaursulam@misena.edu.co;wandabelindai@gmail.com;3206222587;;A-;1999-6-22;Av. 9, Cll. 16 # 1-31, Barrio La Sagrada;Tatiana Molina;3149906088
1093424087;CC;Willow Maia;García;Sánchez;wandageraldinegs@misena.edu.co;gabrielairisb@gmail.com;3208330081;;AB+;2001-6-4;Av. 7, Cll. 21 # 13-27, Barrio La Chismosa;Esmeralda García;3006852334
1091275377;CC;Nury Yajaira;Benitez;Castrillón;yamileestherbc@misena.edu.co;laurawandab@gmail.com;3145447899;;O+;1994-2-23;Av. 3, Cll. 14 # 1-23, Barrio Los Aliens;Nancy Benitez;3122609629
1090622620;CC;Noé;Martínez;Higuera;willowneydamh@misena.edu.co;benitafabiolad@outlook.com;3260575820;6027873190;O-;2005-11-4;Av. 18, Cll. 0 # 9-6, Barrio El Abrume;;
1092340463;TI;Eulices Yoyner;Figueredo;Echeverri;yajairacarmenfe@misena.edu.co;sandraluciag@hotmail.com;3147855136;;B-;2007-5-17;Av. 0, Cll. 13 # 12-11, Barrio El Abrume;Marcela Figueredo;3128219694
1092973439;CC;Sandra Gabriela;Escalona;Escalona;tamaratamaraee@misena.edu.co;ursularamonac@outlook.com;3022079464;;B-;2004-5-9;Av. 16, Cll. 18 # 15-45, Barrio La Puntilla;Hannah Escalona;3006482210
1090059426;CC;Leonardo Tobías;Duarte;Miranda;valeriayeseniadm@misena.edu.co;anaesmeraldab@hotmail.com;3153010527;;O+;1994-3-8;Av. 11, Cll. 7 # 14-23, Barrio La Sagrada;;
1093079672;CC;Pato Ignacio;Alba;Díaz;angelanuryad@misena.edu.co;kamilacarmenm@gmail.com;3221399125;;A-;2005-2-25;Av. 25, Cll. 9 # 12-12, Barrio Los Invadidos;Nancy Alba;3229312141
1092556389;CC;Betsy Esmeralda;Castrillón;Botija;valeriapaulacb@misena.edu.co;ramonalolal@hotmail.com;3200011900;;B+;1998-11-3;Av. 17, Cll. 18 # 13-26, Barrio La Monja;Yesenia Castrillón;3202024517
1092965049;CC;Benito Simón;Méndez;Alarcón;valentinarandyma@misena.edu.co;estherolgae@gmail.com;3202441788;;B+;1997-8-22;Av. 15, Cll. 2 # 2-3, Barrio La Aministía;Hellen Méndez;3057893314
1090305500;CC;Tobías Roberto;Cárdenas;;nuryyajairac@misena.edu.co;paolaraquelg@gmail.com;3159708006;;O-;1998-3-8;Av. 7, Cll. 9 # 20-39, Barrio La Cenicienta;Karla Cárdenas;3194924164
1090400875;CC;Sebastián Carmito;Iglesias;Figueredo;lauraraquelif@misena.edu.co;zaidafernandal@gmail.com;3203242665;;O-;1994-3-20;Av. 23, Cll. 3 # 3-43, Barrio Papaya Partida;Catalina Iglesias;3052981850
1092464542;CC;María Ramona;Ibarra;Núñez;maiavictoriain@misena.edu.co;esmeraldatamarai@outlook.com;3139467270;;O-;2003-4-5;Av. 20, Cll. 0 # 5-4, Barrio La Invasión;Marcela Ibarra;3036885792
1092501532;CC;Iris Paula;Núñez;Mejía;geraldinenurynm@misena.edu.co;hellenlolac@gmail.com;3155646112;;O+;2005-10-28;Av. 14, Cll. 20 # 20-44, Barrio El Serrucho;Vanessa Núñez;3171791196
1090029550;CC;Benita Tamara;Noriega;Gato;josefawillowng@misena.edu.co;wendyhellenh@gmail.com;3118246582;;B-;2000-2-19;Av. 23, Cll. 20 # 18-14, Barrio El Viento;Helena Noriega;3080409021
1090880879;TI;Jazmín Helena;Noriega;Botija;albaesmeraldanb@misena.edu.co;lucialaurad@outlook.com;3159680367;;AB+;2007-5-10;Av. 6, Cll. 20 # 7-5, Barrio Ojo Por Ojo;Leidy Noriega;3206000639
1090297048;CC;Alba Gabriela;Echeverri;;camilawillowe@misena.edu.co;vilmadanielac@gmail.com;3219256196;;O-;2001-7-20;Av. 25, Cll. 18 # 2-26, Barrio La Fiesta;Helena Echeverri;3262142064
1091810309;TI;Yesenia Vanessa;Gato;Lozano;neydasamanthagl@misena.edu.co;wendymanuelaa@gmail.com;3166709968;;A+;2007-4-16;Av. 21, Cll. 5 # 12-26, Barrio La Monja;;
1092732597;CC;Cármen;Duque;Fibonacci;valentinazaidadf@misena.edu.co;genesislaurag@gmail.com;3147893797;6021778049;A+;1997-12-8;Av. 15, Cll. 19 # 9-49, Barrio La Garita;Zaida Duque;3044963906
1093332785;CC;Yoyner Ernesto;Hurtado;;ursulaisabelh@misena.edu.co;camilanancyc@outlook.com;3069197511;;A-;2004-2-7;Av. 14, Cll. 5 # 19-25, Barrio Nuevo Monte;Nancy Hurtado;3252595825
1091362309;CC;Pamela Hellen;Alcocer;Figueredo;yeseniayamileaf@misena.edu.co;tamarabenitaj@gmail.com;3154767072;6020471535;O+;1998-11-26;Av. 6, Cll. 21 # 3-21, Barrio La Lejanía;Sofia Alcocer;3040199531
1092557762;TI;Wendy Samantha;Ibarra;;ingridi@misena.edu.co;elcidawandad@gmail.com;3260706618;6027088192;AB+;2007-6-16;Av. 19, Cll. 24 # 15-40, Barrio El Asustado;Isabel Ibarra;3198846858
1091560349;TI;Iris Esther;Echeverri;Aguilar;wendyhellenea@misena.edu.co;tifannysofiad@outlook.com;3219830035;6033305494;B+;2006-7-10;Av. 16, Cll. 5 # 19-39, Barrio Las Tres Ranas;Josefa Echeverri;3052639072
1093389704;CC;Isabel Helena;Casas;Garmendia;camilayeseniacg@misena.edu.co;ingridcarmend@gmail.com;3094617097;;AB+;1994-7-28;Av. 23, Cll. 22 # 7-43, Barrio La Sabana;María Casas;3157691025
1092993272;CC;Benita Ana;Jurado;Contreras;fernandadanielajc@misena.edu.co;randyyamilec@hotmail.com;3087609599;;O+;2003-6-23;Av. 9, Cll. 18 # 3-23, Barrio El Calentado;Victoria Jurado;3071336703
1093535535;TI;Humberto Osías;Hernández;Antolinez;zaidadanielaha@misena.edu.co;geraldinejosefah@gmail.com;3033442906;;O-;2007-3-17;Av. 12, Cll. 9 # 11-29, Barrio El Olorsito;Esther Hernández;3213461225
1090173648;CC;Jesús Carlos;Duque;Benitez;kamilavalentinadb@misena.edu.co;zaidanuryh@outlook.com;3181352818;6026182842;A-;2000-10-14;Av. 12, Cll. 13 # 20-16, Barrio La Sabana;Alba Duque;3071254461
1092529185;CC;Ingrid Jazmín;Herrera;Dominguez;catalinadanielahd@misena.edu.co;yamilebelindaj@gmail.com;3216721270;6023271828;O-;1997-4-19;Av. 9, Cll. 21 # 18-12, Barrio El Atraco;Lucía Herrera;3183004246
1090978289;CC;Jimena;Iglesias;Fajardo;hannahzaidaif@misena.edu.co;olgaximenaf@hotmail.com;3220287665;;A+;2001-3-16;Av. 0, Cll. 22 # 15-26, Barrio La Tableta;Laura Iglesias;3266647468
1090279393;CC;Laura Daniela;Fajardo;Noriega;leidymaiafn@misena.edu.co;benitaximenac@gmail.com;3032880556;6026182086;O-;2001-9-4;Av. 15, Cll. 5 # 12-19, Barrio Los Siete;;
1092848758;CC;Yadiel Heynner;Núñez;Fajardo;valentinairisnf@misena.edu.co;leidyolgaf@outlook.com;3256956159;;A+;2004-4-23;Av. 16, Cll. 11 # 1-32, Barrio El Contento;;
1091843649;CC;Juan Yadiel;Gato;Noriega;belindaesthergn@misena.edu.co;belindawillowf@gmail.com;3147118561;;O+;1993-2-10;Av. 2, Cll. 15 # 9-13, Barrio El Asustado;Geraldine Gato;3035206924
1090555497;CC;Willow Ángela;Jácome;Fuentes;hellensofiajf@misena.edu.co;ximenawandal@gmail.com;3177356641;;O+;1995-10-6;Av. 10, Cll. 10 # 14-2, Barrio La Fiesta;Karla Jácome;3069473956
1090718185;CC;Félix Homero;Ibarra;Mesa;darlingwandaim@misena.edu.co;fabiolaesmeraldaf@gmail.com;3221358720;;B+;1994-12-21;Av. 12, Cll. 12 # 10-46, Barrio Dos Moscas;Paola Ibarra;3128315623
1090745749;CC;Xavier Misaél;Noriega;Duque;fernandakamiland@misena.edu.co;genesiswandam@gmail.com;3245097372;6034542320;A+;2005-6-8;Av. 11, Cll. 20 # 19-25, Barrio La Toronja;Isabel Noriega;3112831231
1093943340;CC;Pablo Wilson;Jurado;Dominguez;esthernuryjd@misena.edu.co;victorialeidyf@gmail.com;3148464079;;A-;1993-3-28;Av. 13, Cll. 23 # 1-32, Barrio La Garita;Élcida Jurado;3007677963
1091421783;CC;Urías Gabriel;Domingo;Noriega;genesisdn@misena.edu.co;neydavanessaa@hotmail.com;3063263081;;B+;1999-3-12;Av. 19, Cll. 8 # 8-5, Barrio El Viento;Fernanda Domingo;3222644121
1093081009;CC;Jesús Heynner;Castrillón;Casas;luciamariacc@misena.edu.co;betsylauram@gmail.com;3111723231;;A-;1994-11-10;Av. 14, Cll. 2 # 6-44, Barrio El Incauto;Vilma Castrillón;3171339463
1091900854;CC;Fernanda Fernanda;Ibarra;Lozano;sandrapaulail@misena.edu.co;valeriagenesisb@outlook.com;3148740842;;B+;1995-6-9;Av. 7, Cll. 18 # 13-20, Barrio La Papaya;Fernanda Ibarra;3205350420
1092715459;CC;Omar Único;Gato;Garmendia;luciaalbagg@misena.edu.co;darlinganae@gmail.com;3199340749;;O-;1995-2-2;Av. 8, Cll. 24 # 5-33, Barrio El Boliche;Benita Gato;3075237370
1093801113;CC;Catalina Génesis;Cárdenas;Falcón;ramonacf@misena.edu.co;betsyursulae@hotmail.com;3063270385;;B-;2001-4-8;Av. 16, Cll. 14 # 5-41, Barrio La Angustia;Ramona Cárdenas;3128182593
1090619381;CC;Tamara Paula;Castrillón;Juárez;maialuciacj@misena.edu.co;kamilayajairam@gmail.com;3034883438;;O+;1994-12-19;Av. 10, Cll. 18 # 8-24, Barrio La Palabra;Manuela Castrillón;3172434732
1091645283;CC;Néstor;Alba;Fernández;jimenaximenaaf@misena.edu.co;leidyhelenaf@hotmail.com;3082549958;;O-;2000-12-23;Av. 21, Cll. 4 # 13-13, Barrio El Contento;Yamile Alba;3119128266
1090846260;CC;Urso Tomás;Iglesias;Murillo;luciavictoriaim@misena.edu.co;danahelenal@hotmail.com;3065723138;6031286216;O-;1997-5-20;Av. 11, Cll. 21 # 8-15, Barrio El Venado;Úrsula Iglesias;3033511168
1091930010;CC;Hannah Benita;Duque;Hernández;victoriapauladh@misena.edu.co;fabiolaleidys@gmail.com;3170417997;;B+;1996-7-19;Av. 2, Cll. 17 # 9-3, Barrio El Indio;Hannah Duque;3208450747
1093856411;CC;Yajaira Dana;Jimenez;;kamilapamelaj@misena.edu.co;tamarapamelal@gmail.com;3072537459;;O+;2005-5-15;Av. 2, Cll. 0 # 13-8, Barrio La Papaya;Helena Jimenez;3218809264
1093816499;CC;Raquel Élcida;Figueredo;Antolinez;albairisfa@misena.edu.co;olgamaiah@outlook.com;3059227925;6028208733;A-;2001-10-7;Av. 1, Cll. 0 # 14-36, Barrio La Papaya;;
1090479043;CC;Noé;Escalante;Lozano;camilaleidyel@misena.edu.co;marcelawendyd@gmail.com;3265168889;6023107843;O+;2004-3-13;Av. 7, Cll. 3 # 6-50, Barrio El Atumbado;Sofia Escalante;3144268359
1092434498;CC;Néstor Yadiel;Mesa;Ibañez;ingridesthermi@misena.edu.co;yeseniawillowe@outlook.com;3033757257;;A+;1995-8-24;Av. 13, Cll. 4 # 1-2, Barrio Pelelojo;Helena Mesa;3233071242
1091926544;CC;Willow Zaida;Lázaro;;catalinamarcelal@misena.edu.co;darlingcatalinaj@gmail.com;3097897146;;B-;1993-8-26;Av. 2, Cll. 1 # 9-23, Barrio Pelelojo;Ramona Lázaro;3228014174
1093670839;CC;Wendy Manuela;Mesa;Gutierrez;nurymg@misena.edu.co;marcelahellenj@outlook.com;3123866792;;O-;1994-12-17;Av. 21, Cll. 13 # 16-47, Barrio Diablo Viejo;Vilma Mesa;3091067690
1090827284;CC;Lino Camilo;Ferrero;Alba;anaesmeraldafa@misena.edu.co;josefalaural@gmail.com;3169524533;;B+;2002-9-27;Av. 5, Cll. 1 # 18-35, Barrio La Angustia;Alba Ferrero;3175164243
1090703454;CC;Misaél Carlos;Higuera;Durán;ingridhd@misena.edu.co;helenanuryl@gmail.com;3166666052;;A-;2001-9-1;Av. 17, Cll. 3 # 8-32, Barrio La Altura;;
1091582959;CC;Gabriel;Fuentes;Noriega;wendytamarafn@misena.edu.co;ximenayeseniaj@gmail.com;3130741372;;O+;1993-3-1;Av. 13, Cll. 18 # 8-11, Barrio El Calentado;Pamela Fuentes;3043028913
1092198533;CC;Alirio Carlos;López;Fajardo;hellentamaralf@misena.edu.co;fernandalaurag@gmail.com;3056386708;;B-;1995-2-18;Av. 13, Cll. 7 # 20-45, Barrio Los Invadidos;Ramona López;3121988145
1091525764;CC;Alba Lola;Díaz;Méndez;mariarandydm@misena.edu.co;yamilezaidan@gmail.com;3139735097;;A-;2002-10-20;Av. 17, Cll. 4 # 2-40, Barrio La Puntilla;;
1091537664;TI;Úrsula Ramona;Domingo;Casas;wendykamiladc@misena.edu.co;valeriaraquelg@hotmail.com;3085007231;;O-;2006-10-9;Av. 20, Cll. 3 # 14-38, Barrio La Tableta;;
1091108581;CC;Xavier Felipe;Molina;Fajardo;ursulaximenamf@misena.edu.co;vilmamarcelaf@gmail.com;3115088030;;A+;2002-10-9;Av. 5, Cll. 1 # 11-34, Barrio La Monja;Camila Molina;3188201206
1090843926;TI;Camilo Valentino;Hernández;Contreras;tamaramanuelahc@misena.edu.co;valentinavalentinae@hotmail.com;3140534644;;O+;2007-5-27;Av. 14, Cll. 23 # 13-28, Barrio Carro Viejo;Daniela Hernández;3262853955
1090020572;CC;Ximena Fernanda;Duarte;Castillo;irismariadc@misena.edu.co;geraldinevilmaj@gmail.com;3155988472;6034419173;O+;2004-2-2;Av. 9, Cll. 12 # 9-14, Barrio La Invasión;Betsy Duarte;3011480641
1091047162;CC;Dante Alirio;Díaz;Blandón;maiatatianadb@misena.edu.co;helenacatalinai@outlook.com;3214657777;;O-;2005-5-28;Av. 23, Cll. 4 # 4-21, Barrio La Lejanía;Sandra Díaz;3154710675
1092139343;TI;Leidy Fernanda;Jurado;Blandón;esthercamilajb@misena.edu.co;nancyrandyd@gmail.com;3241349235;6019860118;O+;2007-9-23;Av. 23, Cll. 15 # 17-30, Barrio La Papaya;Yesenia Jurado;3138610133
1093483019;TI;Jazmín Kamila;Gélvez;Jaramillo;olgarandygj@misena.edu.co;maiaisabelj@hotmail.com;3106743193;;A-;2007-6-25;Av. 1, Cll. 22 # 13-26, Barrio Las Tres Ranas;Ángela Gélvez;3129291520
1093741116;CC;Raúl Pablo;Noriega;Ibarra;victoriaramonani@misena.edu.co;paolaolgam@outlook.com;3082204481;;A+;2003-3-18;Av. 15, Cll. 20 # 5-38, Barrio El Arrunche;Catalina Noriega;3075228453
1092454138;CC;Fernando Carmito;García;Durán;vanessawillowgd@misena.edu.co;zaidavaleriaf@hotmail.com;3204880635;;B-;2004-4-17;Av. 22, Cll. 20 # 12-41, Barrio El Chistesito;Iris García;3024899911
1090317487;CC;Nezareth Jesús;Durán;Jaramillo;hellenyajairadj@misena.edu.co;pamelalolal@gmail.com;3138483409;;O+;1997-8-8;Av. 18, Cll. 14 # 14-4, Barrio Buenos Aires;Karla Durán;3225925822
1093703084;CC;Leonardo Yesid;Mesa;Noriega;leidyjimenamn@misena.edu.co;pamelaramonai@gmail.com;3001495815;;A+;1997-5-25;Av. 20, Cll. 25 # 7-34, Barrio Los Siete;Marcela Mesa;3119458399
1090954783;TI;Victoria Betsy;Murillo;Bermúdez;manuelatatianamb@misena.edu.co;estherjosefac@gmail.com;3229598227;;AB+;2007-7-17;Av. 5, Cll. 18 # 18-21, Barrio Los Palos;Nancy Murillo;3207094618
1092330329;CC;Ramona Neyda;Garmendia;;estheringridg@misena.edu.co;nurywendyc@gmail.com;3236501191;;O-;2003-5-24;Av. 13, Cll. 17 # 3-32, Barrio El Arrastrado;Sofia Garmendia;3095767752
1092257875;CC;Lola Victoria;Alcocer;;sandraesmeraldaa@misena.edu.co;albaursulac@gmail.com;3106088080;6034127095;O+;2000-5-8;Av. 9, Cll. 7 # 19-6, Barrio La Garita;Kamila Alcocer;3107591518
1091881535;CC;Nury Willow;Duque;Duarte;irisjosefadd@misena.edu.co;fabiolalolac@gmail.com;3268617127;;B-;1999-11-26;Av. 11, Cll. 20 # 6-30, Barrio El Encierro;Esther Duque;3154768188
1092684872;CC;Nury Nancy;Cárdenas;;manuelac@misena.edu.co;karlacatalinaf@gmail.com;3082970513;;O+;1993-5-28;Av. 25, Cll. 12 # 20-19, Barrio La Invasión;Manuela Cárdenas;3182052181
1090425596;CC;Yoyner Valentino;Noriega;;luciafernandan@misena.edu.co;isabelpaolab@gmail.com;3135991233;;O-;1993-4-28;Av. 19, Cll. 13 # 16-17, Barrio La Invasión;Darling Noriega;3162867242
1091483604;CC;Heynner Yoyner;Dominguez;Cárdenas;yajairagabrieladc@misena.edu.co;victoriajosefad@gmail.com;3031772938;;O+;1999-10-21;Av. 4, Cll. 7 # 4-17, Barrio El Calentado;Daniela Dominguez;3083099434
1093233969;CC;Germán Valentino;Méndez;Jácome;fernandadarlingmj@misena.edu.co;olgasamanthah@gmail.com;3204087050;6016335723;O-;1995-4-11;Av. 14, Cll. 8 # 7-6, Barrio El Rumbón;Lucía Méndez;3102110749
1093282629;CC;Raquel Josefa;Sánchez;;sofiavictorias@misena.edu.co;catalinawendyh@hotmail.com;3101054342;;B+;1997-1-8;Av. 20, Cll. 20 # 9-10, Barrio La Garita;;
1090799699;TI;Raquel Jimena;García;;camilavaleriag@misena.edu.co;kamilavaleriab@outlook.com;3020740577;;AB-;2007-7-20;Av. 0, Cll. 9 # 18-40, Barrio El Silencio;Yesenia García;3087676155
1090740543;CC;Manuel Nezareth;Durán;Fuentes;jimenamaiadf@misena.edu.co;albaesmeraldam@gmail.com;3095808777;;B+;1997-5-23;Av. 0, Cll. 24 # 19-1, Barrio Bellagracia;Sandra Durán;3183815294
1090067624;CC;Humberto Raúl;Alarcón;Molina;sandracatalinaam@misena.edu.co;tifannyvanessaf@outlook.com;3231430839;6027924103;O-;1995-7-19;Av. 4, Cll. 0 # 9-6, Barrio Buenos Aires;Helena Alarcón;3247158061
1091762612;CC;Olga;Florez;Fibonacci;betsygabrielaff@misena.edu.co;olgahellenf@gmail.com;3041181895;;O+;1998-8-5;Av. 10, Cll. 10 # 16-47, Barrio Dos Moscas;Ángela Florez;3269881047
1092037594;CC;Yamile Jimena;Ibarra;Jimenez;yajairaij@misena.edu.co;ramonaneydaj@gmail.com;3190550862;;O+;1996-10-12;Av. 19, Cll. 21 # 15-36, Barrio La Aministía;Neyda Ibarra;3256113057
1091946566;CC;Osías Kevin;Molina;Fajardo;wandahelenamf@misena.edu.co;yeseniacamilad@gmail.com;3017810080;;O-;1996-6-25;Av. 1, Cll. 25 # 12-40, Barrio Carro Viejo;Darling Molina;3054191576
1093751219;CC;Nury Randy;Miranda;Gutierrez;luciasamanthamg@misena.edu.co;vilmanancyb@outlook.com;3036809378;6032294348;O-;1993-11-15;Av. 21, Cll. 2 # 1-8, Barrio Montebello;Esmeralda Miranda;3182322032
1090832079;CC;Ximena Samantha;Casas;Díaz;manuelatifannycd@misena.edu.co;wandaangelal@gmail.com;3152814646;;B-;2002-8-5;Av. 25, Cll. 10 # 12-36, Barrio La Garita;Betsy Casas;3154821462
1093814506;CC;Paula Cármen;Gélvez;;maiajazming@misena.edu.co;ingridyamilem@hotmail.com;3226299611;6025000720;A-;2002-3-15;Av. 21, Cll. 3 # 15-31, Barrio La Puntilla;Ximena Gélvez;3194445597
1090375954;CC;Benita Catalina;Jaramillo;Mejía;yamiledanajm@misena.edu.co;tamaralolab@gmail.com;3117699082;;A+;2000-5-16;Av. 17, Cll. 0 # 20-23, Barrio Los Siete;Kamila Jaramillo;3138097822
1092550705;CC;Belinda Iris;Blandón;Gutierrez;catalinahelenabg@misena.edu.co;vilmacatalinad@hotmail.com;3116168261;;O-;2000-5-22;Av. 3, Cll. 12 # 10-33, Barrio El Encierro;Wendy Blandón;3059215825
1091334862;CC;Tomás Urso;Méndez;Antolinez;victoriageraldinema@misena.edu.co;danaolgaa@gmail.com;3053699075;;O-;2002-11-2;Av. 11, Cll. 25 # 3-28, Barrio El Olorsito;María Méndez;3201223541
1090647554;CC;Ramona Geraldine;Gato;Falcón;nuryalbagf@misena.edu.co;ursuladanac@gmail.com;3085595337;;A+;1994-2-18;Av. 21, Cll. 8 # 18-38, Barrio Los Siete;Hellen Gato;3065738596
1090310808;CC;Yajaira Helena;Jácome;Blandón;albavictoriajb@misena.edu.co;leidypaulaf@gmail.com;3248022620;;A-;2001-5-14;Av. 22, Cll. 21 # 10-25, Barrio Cúcuta 75;Ximena Jácome;3174906217
1090876756;TI;Germán Isaías;Gato;Galván;vanessapamelagg@misena.edu.co;dananuryc@outlook.com;3263281767;;AB+;2006-4-20;Av. 12, Cll. 3 # 5-47, Barrio Los Invadidos;Vanessa Gato;3198006194
1090455983;CC;Paula;Escalona;Alarcón;karlaalbaea@misena.edu.co;vilmabenitag@gmail.com;3209587974;;O+;1998-4-10;Av. 9, Cll. 19 # 19-48, Barrio El Asustado;Randy Escalona;3034977772
1093177612;CC;Raúl Eulices;Noriega;Longaniza;samanthanl@misena.edu.co;elcidazaidab@gmail.com;3008122897;6028984360;O+;1998-6-25;Av. 18, Cll. 24 # 20-22, Barrio Dos Moscas;Catalina Noriega;3083118583
1090761589;CC;Roberto Yesid;Ibañez;Fuentes;jazminolgaif@misena.edu.co;karlamanuelag@outlook.com;3082183351;;O-;2000-8-2;Av. 10, Cll. 12 # 9-31, Barrio Ojo Por Ojo;Lola Ibañez;3140486587
1091792198;CC;Zión Wilmar;Garmendia;Núñez;darlingingridgn@misena.edu.co;ramonavictoriae@gmail.com;3266473184;;A+;1996-1-23;Av. 1, Cll. 13 # 1-25, Barrio Dos Moscas;Nancy Garmendia;3070682330
1093793089;CC;Ángel Felipe;Galván;Gutierrez;nurymariagg@misena.edu.co;valeriajimenag@gmail.com;3237710351;6035013677;O-;1993-1-15;Av. 10, Cll. 9 # 6-3, Barrio El Rumbón;Manuela Galván;3259097109
1091171234;CC;Felipe Ángel;López;Durán;ximenald@misena.edu.co;tamaradanielaa@gmail.com;3103161339;;A-;2000-3-4;Av. 4, Cll. 4 # 1-12, Barrio Nuevo Monte;Jimena López;3162304695
1090323849;CC;María Ingrid;López;Jimenez;ramonabetsylj@misena.edu.co;sofiajosefac@gmail.com;3256519738;6023221517;O-;1994-8-8;Av. 22, Cll. 11 # 18-10, Barrio Altamira;Willow López;3151785708
1092112999;CC;Génesis Daniela;Lázaro;Cárdenas;samanthamarialc@misena.edu.co;darlingmaiag@gmail.com;3267988755;;O-;2002-3-1;Av. 25, Cll. 17 # 16-22, Barrio Papaya Puesta;Maia Lázaro;3257685116
1091282114;CC;Fernando;Hidalgo;Echeverri;marcelaolgahe@misena.edu.co;ximenadanad@hotmail.com;3022012510;6030021486;O-;1999-1-21;Av. 7, Cll. 13 # 11-4, Barrio El Contento;Sofia Hidalgo;3142266127
1091872655;CC;Fabiola Fernanda;Fuentes;;karlawillowf@misena.edu.co;angelajosefac@outlook.com;3093961124;;O+;1998-8-28;Av. 8, Cll. 5 # 1-33, Barrio El Boliche;Betsy Fuentes;3058014336
1093594699;CC;Maia Tatiana;Bermúdez;Fibonacci;jimenaluciabf@misena.edu.co;yajairadanaf@gmail.com;3062809500;6022389383;A+;1993-4-2;Av. 8, Cll. 8 # 1-26, Barrio Montebello;Wanda Bermúdez;3032831639
1092435444;CC;Wilmer Urías;Echeverri;Hernández;hellenmanuelaeh@misena.edu.co;jazminkarlan@gmail.com;3080943070;;O+;1994-1-16;Av. 16, Cll. 23 # 18-21, Barrio El Contento;Tifanny Echeverri;3234427339
1090929641;CC;Karla Willow;Noriega;Lozano;helenanancynl@misena.edu.co;vanessajimenab@gmail.com;3053676387;;O-;1994-12-25;Av. 22, Cll. 11 # 8-14, Barrio La Muralla;Gabriela Noriega;3166062620
1093085087;CC;Zaida Yajaira;Costa;Contreras;irispaulacc@misena.edu.co;esthermanuelad@hotmail.com;3158734780;;A-;1994-4-27;Av. 22, Cll. 16 # 18-4, Barrio La Vereda;;
1091121841;CC;Misaél Heynner;García;Fuentes;kamilabelindagf@misena.edu.co;gabrielahellend@gmail.com;3227830559;6029683553;AB+;1995-5-23;Av. 0, Cll. 6 # 5-32, Barrio El Rumbón;;
1093519231;CC;Esther Laura;Castillo;Garmendia;neydacg@misena.edu.co;genesisnancyi@gmail.com;3053609128;;AB+;2001-12-15;Av. 20, Cll. 19 # 18-39, Barrio Dos Moscas;Jazmín Castillo;3042063933
1092256263;CC;Gabriela Ángela;Benitez;Ferrero;fernandasofiabf@misena.edu.co;helenatatianaa@gmail.com;3005065020;;O+;1998-5-2;Av. 7, Cll. 13 # 3-37, Barrio La Muralla;Sandra Benitez;3258852390
1090362457;TI;Meteoro;Hidalgo;;luciageraldineh@misena.edu.co;vilmahellena@gmail.com;3248358629;6033810885;AB+;2007-8-26;Av. 22, Cll. 25 # 12-40, Barrio Altamira;Sandra Hidalgo;3189636609
1092106236;TI;Paula Ingrid;Méndez;;raquelm@misena.edu.co;nancydarlingj@gmail.com;3168262008;;O-;2006-2-19;Av. 9, Cll. 5 # 17-30, Barrio La Cenicienta;Victoria Méndez;3239386953
1092753056;CC;Wilmer;Botija;Núñez;albadanabn@misena.edu.co;samanthasamanthal@gmail.com;3159916813;;O-;2004-4-16;Av. 21, Cll. 22 # 7-21, Barrio Dos Moscas;Nury Botija;3151272688
1093969723;CC;Pedro Roberto;Mejía;Fajardo;ingridmf@misena.edu.co;carmenjazminm@gmail.com;3251723806;;O-;2004-9-6;Av. 24, Cll. 14 # 13-18, Barrio Los Aliens;Maia Mejía;3103142510
1091998361;CC;Benito Kevin;Escalona;Lázaro;laurasamanthael@misena.edu.co;danielacamilaf@gmail.com;3158786570;;A-;1994-6-11;Av. 18, Cll. 22 # 19-34, Barrio El Chistesito;Fabiola Escalona;3110679343
1090901075;CC;Ismael Pato;Longaniza;Fibonacci;fernandasofialf@misena.edu.co;zaidagabrielaj@outlook.com;3138358112;;O-;2004-12-5;Av. 8, Cll. 4 # 3-10, Barrio La Toronja;Neyda Longaniza;3049781061
1091528797;CC;Yoyner Único;Lázaro;Duarte;josefaneydald@misena.edu.co;belindayeseniad@gmail.com;3020443701;;AB+;1996-11-28;Av. 0, Cll. 22 # 18-36, Barrio El Chistesito;Tatiana Lázaro;3089701476
1090139511;CC;Damián Carmito;Higuera;Domingo;fernandaramonahd@misena.edu.co;valentinabetsyf@gmail.com;3213588065;6032360624;O-;1998-6-25;Av. 16, Cll. 7 # 7-46, Barrio La Altura;Élcida Higuera;3156866036
1093501434;CC;Vanessa;López;Escalante;valentinale@misena.edu.co;estherraquelf@gmail.com;3158394229;;B-;2001-12-10;Av. 21, Cll. 18 # 19-33, Barrio Los Siete;Yamile López;3142452132
1092895008;TI;Gabriel Homero;Gato;Lozano;tamarabenitagl@misena.edu.co;ximenaolgag@gmail.com;3050068216;;O-;2006-12-11;Av. 19, Cll. 20 # 14-43, Barrio La Altura;Zaida Gato;3202382894
1090121162;CC;Luis Pablo;Botija;López;paolamaiabl@misena.edu.co;hannahhelleng@gmail.com;3044006320;6017162283;AB+;2004-9-23;Av. 14, Cll. 13 # 14-23, Barrio Zapato Roto;Paula Botija;3179402511
1092921588;CC;Samuel Ismael;Castrillón;Hernández;lolamanuelach@misena.edu.co;valeriavictoriaa@outlook.com;3001615934;;O+;1997-11-7;Av. 9, Cll. 13 # 2-36, Barrio El Encierro;Élcida Castrillón;3267671578
1090484819;CC;Wilmar Pedro;Escalona;Hurtado;sofiayajairaeh@misena.edu.co;hannahdarlinge@hotmail.com;3144780205;;O+;1995-5-9;Av. 11, Cll. 10 # 18-21, Barrio La Vereda;Daniela Escalona;3101461157
1091318077;CC;Wendy Neyda;Casas;Fuentes;jazmintamaracf@misena.edu.co;josefadarlingg@gmail.com;3054269345;;O-;1993-5-21;Av. 3, Cll. 1 # 14-48, Barrio La Papaya;Olga Casas;3100031352
1092054325;CC;Fabiola;Ibañez;Casas;geraldinepamelaic@misena.edu.co;tamaravictoriam@gmail.com;3130456856;;O-;1994-5-5;Av. 21, Cll. 22 # 8-40, Barrio La Vereda;Valeria Ibañez;3104667030
1092884388;CC;Felipe Ramón;Escalona;Figueredo;wendygenesisef@misena.edu.co;mariamarcelam@gmail.com;3065239037;;O-;2003-11-7;Av. 24, Cll. 19 # 2-34, Barrio La Sagrada;;
1090848596;CC;Ramón Humberto;Casas;García;ximenajimenacg@misena.edu.co;betsymanuelaf@gmail.com;3237613884;;B-;1997-4-28;Av. 6, Cll. 5 # 14-32, Barrio Los Mosqueteros;Esther Casas;3030552406
1092555872;CC;Tamara Betsy;Sánchez;Miranda;isabelalbasm@misena.edu.co;maiarandyc@gmail.com;3194597784;;AB-;1998-4-16;Av. 21, Cll. 5 # 10-42, Barrio La Altura;Vilma Sánchez;3222765839
1090597204;CC;Misaél Isaías;Escalante;Florez;danahelenaef@misena.edu.co;fernandagenesisd@gmail.com;3016579627;;O+;1999-2-17;Av. 17, Cll. 17 # 1-24, Barrio Papaya Puesta;Samantha Escalante;3223222904
1092035397;CC;Helena Esther;Costa;Lozano;elcidaesthercl@misena.edu.co;gabrielapamelal@gmail.com;3111097087;6016607121;A+;2005-9-14;Av. 16, Cll. 18 # 10-21, Barrio El Atraco;Raquel Costa;3081021744
1092639441;CC;Yesenia Randy;Díaz;Méndez;randyisabeldm@misena.edu.co;elcidapaulaa@hotmail.com;3139183385;;O+;1994-9-22;Av. 23, Cll. 23 # 13-45, Barrio Nuevo Monte;Laura Díaz;3211274052
1092627410;CC;Yamile Jimena;Jimenez;Figueroa;karlageraldinejf@misena.edu.co;manuelajimenah@gmail.com;3085939026;6021093382;AB+;2003-1-24;Av. 21, Cll. 12 # 14-33, Barrio El Indio;Belinda Jimenez;3024563582
1093466815;CC;Yesid Camilo;Bermúdez;Herrera;geraldinecamilabh@misena.edu.co;hellenvilmag@outlook.com;3002988625;;O+;2001-10-19;Av. 24, Cll. 12 # 9-2, Barrio Diablo Viejo;Sofia Bermúdez;3012139945
1090544486;CC;Armando Xavier;Antolinez;Castrillón;sofiayajairaac@misena.edu.co;maiasamanthai@gmail.com;3041962687;;AB+;1996-9-15;Av. 3, Cll. 20 # 20-12, Barrio La Cuna;Camila Antolinez;3135679751
1092670262;TI;Juan Félix;Florez;Falcón;paulaneydaff@misena.edu.co;valentinanurya@gmail.com;3093015600;;B+;2007-11-18;Av. 12, Cll. 7 # 19-32, Barrio La Tableta;Marcela Florez;3241507156
1090747097;TI;Daniel Noé;Jaramillo;Longaniza;yajairajl@misena.edu.co;ingridgeraldinee@outlook.com;3034875946;;O+;2007-10-1;Av. 18, Cll. 5 # 19-11, Barrio El Olorsito;Laura Jaramillo;3004744802
1091749192;CC;Gabriel Tomás;Aguilar;;karlalolaa@misena.edu.co;belindacamilam@gmail.com;3203539064;;B+;2000-11-21;Av. 13, Cll. 24 # 11-5, Barrio La Lupa;Jazmín Aguilar;3044337707
1091111281;TI;Victoria Valentina;Jácome;Ibañez;neydajimenaji@misena.edu.co;marcelarandyf@gmail.com;3252827594;;B-;2007-9-27;Av. 2, Cll. 14 # 10-9, Barrio El Rumbón;Vanessa Jácome;3200389182
1092844822;CC;Manuela Fabiola;Ferrero;Jimenez;carmenkarlafj@misena.edu.co;wandamariag@gmail.com;3165890069;;O-;1994-7-27;Av. 16, Cll. 12 # 7-8, Barrio Los Siete;Esmeralda Ferrero;3175288209
1090926845;CC;Jorge Gustavo;Lázaro;Ferrero;ximenalf@misena.edu.co;geraldinedanaa@gmail.com;3139966990;;B-;1993-3-11;Av. 9, Cll. 2 # 9-4, Barrio Altamira;Esmeralda Lázaro;3223929400
1091442218;TI;Karla Jazmín;Higuera;Hurtado;manuelafabiolahh@misena.edu.co;danielahellenc@gmail.com;3120913369;;O+;2006-4-28;Av. 4, Cll. 5 # 8-41, Barrio La Lejanía;Lola Higuera;3229637889
1090863714;CC;Hannah Randy;Castillo;Jácome;helenadanacj@misena.edu.co;angelaursulam@outlook.com;3057611169;;O+;2001-4-15;Av. 23, Cll. 6 # 2-32, Barrio El Indio;Hannah Castillo;3173742461
1090718758;CC;Jorge Víctor;Duarte;;nurysofiad@misena.edu.co;samanthaesmeraldal@gmail.com;3011954864;;O-;1996-6-28;Av. 21, Cll. 11 # 11-15, Barrio La Lupa;Élcida Duarte;3118693525
1090646466;CC;Neyda Marcela;Gélvez;Ferrero;catalinajosefagf@misena.edu.co;darlingtifannyb@gmail.com;3063716224;;B-;1997-2-27;Av. 21, Cll. 9 # 13-23, Barrio El Incauto;Marcela Gélvez;3216014432
1090307668;CC;Dante Félix;Alba;Gutierrez;belindasamanthaag@misena.edu.co;tamaradarlinga@outlook.com;3223557723;;A-;2001-4-15;Av. 8, Cll. 10 # 9-4, Barrio El Ciego;;
1093941687;CC;Helena Cármen;Lázaro;Cárdenas;ramonasamanthalc@misena.edu.co;danielasofiam@hotmail.com;3150895649;;AB-;1999-11-27;Av. 5, Cll. 3 # 8-12, Barrio Los Siete;Vanessa Lázaro;3026456383
1093053050;CC;Tatiana;Jurado;Longaniza;zaidahannahjl@misena.edu.co;jazminisabela@gmail.com;3155849190;;AB-;1998-12-21;Av. 3, Cll. 9 # 3-31, Barrio La Toronja;Dana Jurado;3188881685
1091210487;CC;Yadiel Leonardo;Martínez;Dominguez;manuelamanuelamd@misena.edu.co;estherpaolan@hotmail.com;3142848810;6034671607;B+;1995-12-1;Av. 4, Cll. 13 # 5-20, Barrio Cúcuta 75;Dana Martínez;3092703037
1092828945;CC;Karla;Contreras;Jimenez;victoriaesthercj@misena.edu.co;valeriavanessad@gmail.com;3076081745;;B+;1993-12-11;Av. 21, Cll. 0 # 18-24, Barrio Carro Viejo;Fernanda Contreras;3265448957
1090504921;CC;Hannah Yesenia;Mesa;Fibonacci;vilmafernandamf@misena.edu.co;belindaisabelg@gmail.com;3076856048;;A-;1995-2-21;Av. 6, Cll. 24 # 10-48, Barrio La Sabana;;
1090265660;CC;Gabriel Homero;Mesa;Herrera;genesistamaramh@misena.edu.co;angelaluciah@gmail.com;3064777702;;B+;1996-11-16;Av. 19, Cll. 20 # 16-15, Barrio La Langosta;;
1093289892;TI;María Leidy;Núñez;Costa;paulacamilanc@misena.edu.co;leidyyamiled@gmail.com;3230018422;;O-;2006-10-22;Av. 25, Cll. 13 # 10-43, Barrio Montebello;Esmeralda Núñez;3170113744
1090605907;CC;Daniel Pedro;Hurtado;Martínez;esmeraldalolahm@misena.edu.co;estherzaidan@outlook.com;3029769513;6016759846;O+;1997-5-15;Av. 9, Cll. 10 # 1-8, Barrio Nuevo Monte;Valentina Hurtado;3199700637
1092426997;CC;Olga Fabiola;Herrera;Escalante;genesisvanessahe@misena.edu.co;zaidacarmenf@gmail.com;3138559395;;A-;2004-5-12;Av. 7, Cll. 5 # 3-50, Barrio La Palabra;Manuela Herrera;3024419743
1090894143;CC;Fabiola Vilma;Echeverri;Falcón;laurafabiolaef@misena.edu.co;randywendyn@gmail.com;3081122759;;B-;1998-8-27;Av. 24, Cll. 8 # 4-22, Barrio El Chistesito;Leidy Echeverri;3007283486
1093391851;CC;Samuel;Escalante;Costa;gabrielayeseniaec@misena.edu.co;yeseniadanaf@gmail.com;3261081757;;O+;1993-5-5;Av. 7, Cll. 25 # 15-21, Barrio La Altura;Sandra Escalante;3088839958
1092461300;CC;Fabiola Willow;Bermúdez;Garmendia;genesisdarlingbg@misena.edu.co;helenatamaraa@gmail.com;3060399819;6035289517;O+;1998-3-21;Av. 1, Cll. 7 # 8-3, Barrio Tres Pares;Catalina Bermúdez;3202540765
1093472738;CC;Alba Hellen;Balanta;Gélvez;samantharamonabg@misena.edu.co;josefacarmenm@gmail.com;3088126108;6031576497;O-;2001-7-8;Av. 17, Cll. 15 # 8-37, Barrio Los Siete;Helena Balanta;3235792623
1091149419;CC;Carlos Leonardo;Dávila;Mesa;genesisnancydm@misena.edu.co;fernandajosefam@gmail.com;3156383022;;O-;2001-10-3;Av. 19, Cll. 3 # 11-21, Barrio Montebello;Maia Dávila;3000638281
1091391863;CC;Yajaira Valentina;Fajardo;Alarcón;ursulamaiafa@misena.edu.co;kamilacarmenf@gmail.com;3232781818;6018696307;O-;1994-4-20;Av. 22, Cll. 23 # 16-2, Barrio La Tableta;Jimena Fajardo;3086366529
1090490069;CC;Samuel Camilo;Núñez;Jaramillo;camilaraquelnj@misena.edu.co;esmeraldaisabelh@gmail.com;3035205694;;O-;2003-2-26;Av. 10, Cll. 14 # 20-32, Barrio El Encierro;Paola Núñez;3234742214
1090752183;CC;Quico Único;Aguilar;Díaz;lauraolgaad@misena.edu.co;jimenavanessai@outlook.com;3176852577;;O+;2005-3-8;Av. 17, Cll. 14 # 18-36, Barrio Buenos Aires;Josefa Aguilar;3224018067
1092487208;CC;Vladimir Único;Gélvez;Castrillón;belindazaidagc@misena.edu.co;helenapaolaf@gmail.com;3108705531;;B-;1993-10-13;Av. 9, Cll. 0 # 14-33, Barrio La Lejanía;Iris Gélvez;3257952133
1091297175;CC;Ana Daniela;Escalona;Durán;irisgabrielaed@misena.edu.co;lolawandaf@gmail.com;3092434495;6027241407;A+;1999-10-25;Av. 14, Cll. 25 # 14-40, Barrio Los Calores;Hellen Escalona;3164142903
1090344957;CC;Iris;Ibarra;Fuentes;willowyamileif@misena.edu.co;willowdanaj@hotmail.com;3166872495;;O-;1994-8-5;Av. 22, Cll. 4 # 7-39, Barrio La Muralla;Génesis Ibarra;3091755089
1093902119;CC;Lino Felipe;Escalante;Ibañez;randyangelaei@misena.edu.co;tamarapaolad@gmail.com;3043012820;;B+;2001-8-20;Av. 25, Cll. 2 # 18-42, Barrio El Boliche;;
1092143155;TI;Ramón Misaél;Domingo;Alcocer;ursulaursulada@misena.edu.co;angelacatalinam@gmail.com;3049678059;;A+;2006-4-5;Av. 4, Cll. 1 # 9-45, Barrio El Silencio;Paula Domingo;3126910369
1093013395;TI;Iris Benita;Iglesias;Murillo;vilmavaleriaim@misena.edu.co;samanthafabiolad@gmail.com;3039067560;;O+;2007-11-22;Av. 22, Cll. 13 # 13-8, Barrio Los Palos;Yajaira Iglesias;3094606465
1092720983;CC;Ramón;Durán;Lázaro;nancydl@misena.edu.co;yajairaleidym@outlook.com;3015564104;;O-;1996-11-22;Av. 23, Cll. 12 # 16-43, Barrio Dos Moscas;Paola Durán;3196054933
1093410628;CC;Ernesto;Fuentes;Lázaro;ingridgenesisfl@misena.edu.co;lauragenesisg@hotmail.com;3026390664;6025816230;O-;1999-8-4;Av. 9, Cll. 24 # 7-40, Barrio La Aministía;Laura Fuentes;3053710481
1092280235;CC;Fernando Gabriel;Garmendia;Jurado;randypaulagj@misena.edu.co;fabiolabenitah@hotmail.com;3103842416;;A-;2004-8-9;Av. 10, Cll. 14 # 12-37, Barrio La Sagrada;Willow Garmendia;3156093566
1092034667;CC;Victoria Tatiana;Escalona;Domingo;genesisesthered@misena.edu.co;randyirisb@outlook.com;3047262280;;B-;2005-11-25;Av. 4, Cll. 13 # 15-9, Barrio El Abrume;Vanessa Escalona;3096908689
1092387273;CC;Kevin Eulices;Miranda;Mejía;angelatifannymm@misena.edu.co;lauranuryb@gmail.com;3141214497;;O+;1997-1-7;Av. 19, Cll. 10 # 20-22, Barrio El Encierro;Sandra Miranda;3047383557
1090138728;CC;Homero;Figueredo;Benitez;leidyelcidafb@misena.edu.co;hannahingridf@gmail.com;3234557665;;O-;2002-8-10;Av. 21, Cll. 11 # 11-12, Barrio Los Invadidos;Darling Figueredo;3067398531
1090491461;CC;Humberto Germán;Duque;Méndez;darlingleidydm@misena.edu.co;catalinaelcidag@gmail.com;3099602132;6022211592;O+;2002-2-22;Av. 7, Cll. 20 # 10-40, Barrio Pelelojo;Sandra Duque;3004066860
1093212374;CC;Ángel Ismael;Contreras;Ibañez;angelajimenaci@misena.edu.co;luciayamilem@gmail.com;3209517789;;O-;1993-7-26;Av. 11, Cll. 14 # 14-19, Barrio La Sonrisa;Willow Contreras;3082127510
1092895337;CC;Fernanda Olga;Duarte;Duque;isabelmaiadd@misena.edu.co;benitamanuelah@gmail.com;3226865601;;B+;1999-8-6;Av. 13, Cll. 19 # 18-38, Barrio Carro Viejo;Helena Duarte;3006393981
1090904812;CC;Zaida Yamile;Botija;Ibañez;lauradanabi@misena.edu.co;karlayajairag@gmail.com;3118173810;6034391548;AB+;1996-12-2;Av. 8, Cll. 9 # 18-3, Barrio El Tiempo;Josefa Botija;3202285837
1091819582;CC;Iris Raquel;Garmendia;Bermúdez;carmenolgagb@misena.edu.co;ingridgabrielag@hotmail.com;3244064364;6030765941;A-;1994-6-12;Av. 11, Cll. 18 # 11-8, Barrio El Incauto;Vilma Garmendia;3050504888
1091658936;CC;Paula;Castillo;Durán;esmeraldadarlingcd@misena.edu.co;betsyvalentinaf@hotmail.com;3225713796;;O+;1996-7-24;Av. 0, Cll. 16 # 15-25, Barrio La Angustia;Ana Castillo;3208451541
1093715488;CC;Pato Germán;Miranda;Escalona;randyaname@misena.edu.co;josefasamanthaf@gmail.com;3025788108;6034214960;A-;2003-12-20;Av. 13, Cll. 1 # 19-23, Barrio Bellagracia;Geraldine Miranda;3030767464
1090247979;CC;Yajaira Jimena;Botija;Fernández;fernandaneydabf@misena.edu.co;luciacamilaj@gmail.com;3109037118;;O+;2002-4-12;Av. 14, Cll. 13 # 8-43, Barrio La Invasión;Darling Botija;3047050164
1091656001;CC;Dante Osías;Galván;Iglesias;vanessavanessagi@misena.edu.co;valeriavalentinaf@gmail.com;3001475614;6021493829;A+;1997-3-8;Av. 16, Cll. 24 # 10-29, Barrio Nuevo Monte;;
1092667484;CC;Lola Jazmín;Casas;Núñez;camilacarmencn@misena.edu.co;anasofiam@gmail.com;3240152747;;B-;2002-12-25;Av. 11, Cll. 13 # 19-19, Barrio El Calentado;Tamara Casas;3234335519
1091514166;CC;Karla Valentina;Figueredo;Botija;angelafabiolafb@misena.edu.co;karlahannahh@gmail.com;3074433926;;O+;1996-12-20;Av. 23, Cll. 23 # 10-21, Barrio La Monja;Ximena Figueredo;3011076337
1091644749;CC;Urías Germán;Fajardo;;benitahellenf@misena.edu.co;tatianajazminf@outlook.com;3201988850;;O+;1995-5-24;Av. 11, Cll. 2 # 13-41, Barrio Montebello;Kamila Fajardo;3054884824
1090353335;CC;Tobías Yadiel;Jimenez;Aguilar;ursulajazminja@misena.edu.co;helenayeseniam@gmail.com;3179172359;;A+;1998-9-14;Av. 6, Cll. 15 # 8-20, Barrio Las Tres Ranas;Leidy Jimenez;3101979681
1092715273;CC;Omar Víctor;Jurado;Jaramillo;yeseniagenesisjj@misena.edu.co;wendynuryb@gmail.com;3144133160;;AB-;1998-8-16;Av. 9, Cll. 16 # 10-48, Barrio La Sonrisa;Fabiola Jurado;3177246806
1092175313;TI;Ximena Esther;Méndez;Balanta;belindamariamb@misena.edu.co;paolavictorial@gmail.com;3074084239;;O-;2007-2-13;Av. 3, Cll. 14 # 10-39, Barrio La Angustia;Ana Méndez;3217708402
1090788255;CC;Humberto;Dávila;;valerialaurad@misena.edu.co;victoriajazminc@gmail.com;3156224141;;A-;1993-4-28;Av. 10, Cll. 14 # 12-30, Barrio Los Mosqueteros;;
1093934492;CC;Daniel Ángel;Iglesias;Higuera;josefadanielaih@misena.edu.co;randypamelac@gmail.com;3212579945;;B+;2005-4-8;Av. 1, Cll. 12 # 18-28, Barrio El Encierro;Cármen Iglesias;3228711804
1093865788;CC;Valentina Hannah;Ibañez;Mesa;nuryim@misena.edu.co;fabiolafernandal@outlook.com;3241922786;;A-;1999-3-19;Av. 20, Cll. 9 # 3-18, Barrio La Palabra;Leidy Ibañez;3021957548
1092182133;CC;Leonardo Roberto;Balanta;Duarte;estherbd@misena.edu.co;tatianadanielaj@gmail.com;3036585301;;A+;2000-6-26;Av. 10, Cll. 25 # 20-26, Barrio El Serrucho;Tamara Balanta;3186255053
1090263730;CC;Manuel;Bermúdez;Alba;wandamanuelaba@misena.edu.co;paolahellenj@gmail.com;3224786710;;AB-;1993-8-22;Av. 23, Cll. 2 # 20-10, Barrio Carro Viejo;Randy Bermúdez;3051057645
1093067571;CC;Armando Alirio;Higuera;Durán;belindawendyhd@misena.edu.co;darlinggeraldined@gmail.com;3019423574;;AB+;1993-3-10;Av. 4, Cll. 2 # 3-50, Barrio La Fiesta;Sandra Higuera;3178054879
1090916665;CC;Pamela Willow;Alba;Ibarra;olganancyai@misena.edu.co;hellenkarlad@gmail.com;3210095950;;O+;2003-12-20;Av. 14, Cll. 22 # 13-47, Barrio El Encierro;;
1092922781;CC;Gustavo Samuel;García;Mesa;vanessacarmengm@misena.edu.co;lolacamilaf@hotmail.com;3199298880;;O-;1997-6-18;Av. 19, Cll. 17 # 13-16, Barrio La Aministía;Iris García;3212450566
1090193615;CC;Osvaldo Tomás;Jurado;Costa;olgajc@misena.edu.co;valeriajimenac@gmail.com;3219434478;;AB-;1999-11-14;Av. 1, Cll. 4 # 11-12, Barrio La Sonrisa;Gabriela Jurado;3257598847
1092496618;CC;Lola Fabiola;Garmendia;Núñez;leidywandagn@misena.edu.co;neydakamilag@gmail.com;3072684930;;AB+;1998-1-3;Av. 12, Cll. 14 # 6-1, Barrio La Puntilla;Catalina Garmendia;3225668466
1090265330;TI;Noé;Costa;Noriega;luciajazmincn@misena.edu.co;sofiawandam@gmail.com;3147040722;6032224317;B-;2007-6-18;Av. 8, Cll. 9 # 12-11, Barrio La Langosta;Zaida Costa;3236406845
1090244918;CC;Hellen Leidy;Duque;Lázaro;estherraqueldl@misena.edu.co;helenaneydaj@hotmail.com;3188011473;;O+;1999-8-25;Av. 5, Cll. 20 # 7-18, Barrio El Abrume;Nury Duque;3122783345
1093799504;TI;Neyda Valentina;Lázaro;Figueredo;jimenajimenalf@misena.edu.co;esmeraldadanielad@gmail.com;3094602083;6028100381;A-;2006-5-15;Av. 15, Cll. 10 # 11-6, Barrio Bellagracia;Willow Lázaro;3227855599
1093978371;CC;Jesús Urso;Duque;Herrera;laurapaoladh@misena.edu.co;geraldinelolal@hotmail.com;3263150785;6024474820;O+;2000-4-20;Av. 14, Cll. 23 # 12-27, Barrio El Viento;;
1093773930;CC;Hannah Yajaira;Molina;Escalante;vanessaingridme@misena.edu.co;ramonawendyf@outlook.com;3026255963;;O+;2000-11-19;Av. 9, Cll. 13 # 12-43, Barrio La Angustia;Cármen Molina;3030106861
1093911053;TI;Benita Tamara;Hernández;Jimenez;helenabelindahj@misena.edu.co;maiahelenah@outlook.com;3067950367;;B-;2007-11-11;Av. 9, Cll. 18 # 18-6, Barrio El Asustado;Josefa Hernández;3143877583
1091619204;CC;Carlos Yoyner;Sánchez;Figueredo;jimenamarcelasf@misena.edu.co;helenawandab@gmail.com;3060503554;6027681875;B-;1998-7-13;Av. 5, Cll. 19 # 18-32, Barrio Los Mosqueteros;Alba Sánchez;3083164908
1090152249;CC;Valentina Hannah;Dávila;Mesa;esmeraldawillowdm@misena.edu.co;ingridalbac@gmail.com;3243976708;6016117100;A-;2002-2-11;Av. 3, Cll. 12 # 10-35, Barrio La Toronja;Camila Dávila;3081236995
1091130305;CC;Luis Pato;López;;paoladarlingl@misena.edu.co;hellenfabiolaa@outlook.com;3243346214;;B+;2000-11-4;Av. 11, Cll. 12 # 20-39, Barrio La Fiesta;Josefa López;3156454391
1092174118;CC;Pamela Tatiana;Castrillón;Castrillón;jazminsandracc@misena.edu.co;sofiapamelai@hotmail.com;3089636623;;O-;2002-10-2;Av. 3, Cll. 21 # 2-24, Barrio La Altura;Lucía Castrillón;3201392391
1092595919;CC;Lino Daniel;Fuentes;Núñez;maiaingridfn@misena.edu.co;manuelabenitaa@gmail.com;3123148521;;O+;2003-9-21;Av. 6, Cll. 1 # 13-9, Barrio La Papaya;Sandra Fuentes;3140570545
1093343619;CC;Ángela Geraldine;Núñez;Blandón;luciacarmennb@misena.edu.co;mariaolgal@gmail.com;3105303925;;O+;1995-7-10;Av. 20, Cll. 14 # 17-18, Barrio La Fiesta;Jimena Núñez;3139528836
1091626427;CC;Sebastián Yesid;Gutierrez;Fajardo;olgajazmingf@misena.edu.co;fabiolacatalinaj@gmail.com;3001965714;6027912090;AB-;1996-4-27;Av. 23, Cll. 14 # 1-18, Barrio El Abrume;Geraldine Gutierrez;3140120771
1093137650;CC;Dante;Mesa;Higuera;pamelamaiamh@misena.edu.co;randyingridf@gmail.com;3184441553;;O-;1999-8-4;Av. 13, Cll. 11 # 14-22, Barrio La Sabana;Victoria Mesa;3099129176
1093953105;CC;Víctor Yoyner;Casas;Fuentes;leidykamilacf@misena.edu.co;hannahmanuelaa@gmail.com;3197968194;;B+;1999-12-20;Av. 14, Cll. 14 # 2-29, Barrio La Cenicienta;Jazmín Casas;3015235065
1090436957;TI;Yoyner Lino;Ibañez;Martínez;estherim@misena.edu.co;leidypaolah@hotmail.com;3069863773;;O-;2007-3-21;Av. 19, Cll. 5 # 10-12, Barrio Pelelojo;;
1092700254;CC;Juan Yesid;Ibarra;Falcón;yajairakamilaif@misena.edu.co;pamelarandyd@gmail.com;3139496946;6020155569;O+;2005-11-8;Av. 19, Cll. 17 # 8-12, Barrio Los Siete;Leidy Ibarra;3247994279
1092301943;CC;Daniel Urso;Blandón;Figueredo;ananeydabf@misena.edu.co;vanessanancyh@gmail.com;3140862931;;O+;1999-9-3;Av. 12, Cll. 6 # 20-43, Barrio La Invasión;Ximena Blandón;3222498389
1091055456;CC;Carlos Yesid;Méndez;;paulaolgam@misena.edu.co;hannahrandyf@gmail.com;3202405086;6017203280;O-;1998-11-25;Av. 14, Cll. 25 # 3-37, Barrio Montebello;Yamile Méndez;3106703888
1090753210;CC;Karla Belinda;Escalona;;olgahannahe@misena.edu.co;luciamaias@gmail.com;3127171475;;O-;2000-8-23;Av. 9, Cll. 14 # 14-18, Barrio El Arrunche;Helena Escalona;3146124603
1090892895;CC;Ana Nury;Delgado;Ibañez;mariazaidadi@misena.edu.co;nancygeraldinee@gmail.com;3180456278;6026432097;A-;2004-7-6;Av. 18, Cll. 3 # 12-7, Barrio El Abrume;;
1092356282;CC;Dante;Blandón;Jurado;fabiolatamarabj@misena.edu.co;maialucial@gmail.com;3211357477;;B-;1999-12-7;Av. 7, Cll. 20 # 5-46, Barrio El Arrunche;Camila Blandón;3014320091
1091237741;CC;Marcela;Hurtado;Falcón;sofiahf@misena.edu.co;geraldinetifannym@gmail.com;3131961346;;O+;2005-4-12;Av. 14, Cll. 15 # 5-46, Barrio La Lejanía;Valentina Hurtado;3014188049
1092132959;CC;Ingrid Élcida;Duque;Noriega;pamelaelcidadn@misena.edu.co;esmeraldaisabelb@outlook.com;3094797467;;A-;1996-7-27;Av. 24, Cll. 8 # 17-22, Barrio La Tableta;Sandra Duque;3132682571
1091342731;CC;Zión Juan;Jaramillo;Dominguez;yeseniahelenajd@misena.edu.co;belindaelcidag@gmail.com;3039573899;;B-;2005-4-26;Av. 16, Cll. 22 # 15-14, Barrio La Sagrada;Tifanny Jaramillo;3222848799
1093873335;CC;Carlos Pato;Benitez;Balanta;ximenawandabb@misena.edu.co;tatianasandraa@gmail.com;3011862183;6034019068;AB+;1995-5-15;Av. 19, Cll. 22 # 3-8, Barrio La Palabra;Vanessa Benitez;3064133727
1092558110;CC;Yoyner Ramón;Florez;Castillo;danielatifannyfc@misena.edu.co;jimenabetsyb@gmail.com;3131373802;;A-;2004-3-3;Av. 23, Cll. 18 # 6-6, Barrio El Encierro;Leidy Florez;3163592321
1092037985;CC;Manuela;Ibañez;Mejía;luciaisabelim@misena.edu.co;wandaelcidaf@outlook.com;3151927449;;A+;1994-11-7;Av. 6, Cll. 18 # 12-47, Barrio Pelelojo;Fernanda Ibañez;3129353532
1090991440;CC;Samantha Gabriela;Gato;Sánchez;camilabenitags@misena.edu.co;anapaolam@hotmail.com;3056663805;;A+;1996-6-10;Av. 20, Cll. 18 # 18-7, Barrio Los Palos;Laura Gato;3190018253
1093514563;CC;Dante Germán;Duarte;Duque;josefaangeladd@misena.edu.co;pamelawandae@gmail.com;3086800882;;B-;2005-12-21;Av. 17, Cll. 14 # 1-36, Barrio La Papaya;Yajaira Duarte;3219194487
1092620592;CC;Gabriela Tatiana;Sánchez;Iglesias;irisrandysi@misena.edu.co;yamilevanessai@gmail.com;3242521739;6026443291;O-;1996-2-6;Av. 9, Cll. 1 # 4-34, Barrio El Cienpiés;Úrsula Sánchez;3151202014
1091566997;CC;Jazmín Isabel;Alcocer;Escalona;angelatatianaae@misena.edu.co;lolahannahl@gmail.com;3240054059;;AB-;2000-12-8;Av. 10, Cll. 6 # 7-26, Barrio Los Mosqueteros;Belinda Alcocer;3086394064
1091205053;TI;Yesenia Maia;Costa;Jurado;fabiolagenesiscj@misena.edu.co;josefasandrac@gmail.com;3037313460;;B-;2006-4-27;Av. 7, Cll. 11 # 6-28, Barrio La Monja;Zaida Costa;3229079078
1093065010;CC;Yesid Nezareth;Falcón;Fuentes;leidypamelaff@misena.edu.co;nancymaiam@gmail.com;3144044447;;AB-;2003-7-28;Av. 20, Cll. 24 # 7-48, Barrio El Venado;Ximena Falcón;3220238420
1093601733;CC;Damián Heynner;Cárdenas;Juárez;ximenaisabelcj@misena.edu.co;raquelmarian@gmail.com;3149246921;6023282474;A-;2003-4-10;Av. 22, Cll. 4 # 14-3, Barrio La Garita;Paula Cárdenas;3092094121
1091381630;CC;Wilmar Lino;Costa;Dávila;yeseniacd@misena.edu.co;lauramariad@outlook.com;3212578308;;O-;2001-10-19;Av. 2, Cll. 4 # 9-33, Barrio El Arrastrado;;
1093556818;CC;Tifanny María;Méndez;Figueredo;danaramonamf@misena.edu.co;danacatalinag@outlook.com;3235897123;;O+;2004-5-25;Av. 19, Cll. 25 # 20-4, Barrio Montebello;Valentina Méndez;3076798329
1093425854;CC;Maia Neyda;Aguilar;Hernández;ximenajazminah@misena.edu.co;jimenadanielaf@hotmail.com;3220556950;;O+;1993-8-20;Av. 20, Cll. 19 # 3-34, Barrio El Olorsito;;
1093620870;CC;Raúl Osías;Gutierrez;Lázaro;elcidavanessagl@misena.edu.co;neydavalentinaf@gmail.com;3182618421;;B-;1993-4-16;Av. 17, Cll. 0 # 7-9, Barrio La Palabra;Úrsula Gutierrez;3066647333
1091291403;CC;Maia;Gutierrez;;isabelgenesisg@misena.edu.co;wendyjazming@hotmail.com;3215810480;;A-;1998-7-2;Av. 25, Cll. 17 # 18-5, Barrio La Lejanía;Lucía Gutierrez;3107925331
1092205418;CC;Jazmín Jimena;Iglesias;;ursulabenitai@misena.edu.co;ramonasandrad@gmail.com;3100148443;6031576296;A-;1997-8-14;Av. 16, Cll. 18 # 16-18, Barrio El Serrucho;;
1093934788;CC;Nancy Nancy;Duque;Mesa;darlinggeraldinedm@misena.edu.co;catalinamariae@gmail.com;3019177139;;O+;1998-4-19;Av. 17, Cll. 2 # 17-4, Barrio La Sabana;Vilma Duque;3221264985
1090269848;TI;Kamila Paola;Méndez;;victoriageraldinem@misena.edu.co;lucianuryf@gmail.com;3170396636;;O+;2007-10-9;Av. 22, Cll. 23 # 11-1, Barrio Carro Viejo;Wendy Méndez;3132405844
1092022020;TI;Tamara Úrsula;Molina;Jurado;vilmavanessamj@misena.edu.co;valerianancym@gmail.com;3090821146;;O+;2007-1-22;Av. 10, Cll. 12 # 19-7, Barrio El Ciego;Vilma Molina;3009044348
1093545935;CC;Sandra Yajaira;Jaramillo;;angelaj@misena.edu.co;victoriairisj@gmail.com;3215410530;;O+;2005-7-27;Av. 23, Cll. 24 # 17-6, Barrio Los Siete;Jimena Jaramillo;3062647012
1093294930;CC;Meteoro Noé;Mesa;;esthersofiam@misena.edu.co;tamarasandraf@gmail.com;3049539091;;AB-;1998-3-25;Av. 21, Cll. 1 # 1-44, Barrio La Chismosa;;
1093066944;CC;Daniel Roberto;Fernández;Garmendia;ximenayamilefg@misena.edu.co;paulatatianaa@hotmail.com;3195067453;;B-;2002-9-26;Av. 5, Cll. 1 # 8-16, Barrio Carro Viejo;;
1090794705;CC;Génesis Tamara;Casas;Méndez;vilmacm@misena.edu.co;willowsandrag@hotmail.com;3130534053;;O+;1994-12-26;Av. 3, Cll. 10 # 4-41, Barrio Los Calores;Fabiola Casas;3261639896
1090864268;CC;Geraldine Karla;Bermúdez;;paolayeseniab@misena.edu.co;elcidarandyl@hotmail.com;3024398420;6017522522;AB+;2004-4-21;Av. 22, Cll. 2 # 9-24, Barrio El Silencio;Yesenia Bermúdez;3058525242
1091111380;CC;Luis Roberto;Domingo;Alarcón;ximenakamilada@misena.edu.co;paulatifannyg@outlook.com;3241579504;;B+;1994-5-14;Av. 1, Cll. 8 # 10-24, Barrio Carro Viejo;Isabel Domingo;3124220592
1093373124;CC;Benita Belinda;Ibarra;Alarcón;manuelanuryia@misena.edu.co;esmeraldaramonag@gmail.com;3002521406;;O+;2001-2-7;Av. 14, Cll. 25 # 13-27, Barrio Tres Pares;Randy Ibarra;3118944507
1093448044;CC;Yesid Jesús;Jimenez;Fuentes;kamilanancyjf@misena.edu.co;ursulafernandai@outlook.com;3142547040;6026434884;O+;1998-11-15;Av. 0, Cll. 11 # 2-19, Barrio El Asustado;Fabiola Jimenez;3058188489
1092956280;TI;Geraldine Manuela;Alba;Alba;catalinaaa@misena.edu.co;ximenadanielae@gmail.com;3021508762;;O+;2006-5-26;Av. 8, Cll. 20 # 18-29, Barrio El Serrucho;Ingrid Alba;3147021124
1092543689;CC;Ramona Isabel;Iglesias;Núñez;yeseniavanessain@misena.edu.co;raquelhellenj@outlook.com;3184025741;;A-;1994-4-17;Av. 8, Cll. 4 # 20-24, Barrio La Fiesta;Zaida Iglesias;3051767819
1090381282;CC;Helena Vilma;Mejía;;valentinasandram@misena.edu.co;danaleidyf@gmail.com;3011877846;6026801775;B-;2001-5-26;Av. 21, Cll. 20 # 6-6, Barrio Pelelojo;Lola Mejía;3007861936
1090948526;CC;Tobías Osvaldo;Bermúdez;Costa;nurykarlabc@misena.edu.co;sandragabrielad@gmail.com;3227377345;;O-;2002-3-10;Av. 7, Cll. 3 # 2-21, Barrio El Arrunche;Fabiola Bermúdez;3156270376
1090764400;CC;Gabriela Génesis;Castillo;Dávila;anaingridcd@misena.edu.co;angelajimenac@gmail.com;3073733366;;B+;1995-4-16;Av. 15, Cll. 19 # 6-40, Barrio Los Palos;Nancy Castillo;3166158899
1092482385;CC;Samantha;Balanta;Florez;zaidazaidabf@misena.edu.co;danielanancyd@hotmail.com;3093922183;6021270823;O+;1998-10-15;Av. 4, Cll. 6 # 1-29, Barrio La Fiesta;Lola Balanta;3032113067
1093799627;CC;Belinda Marcela;Lázaro;;belindal@misena.edu.co;ursulavictorian@gmail.com;3061524138;;B-;2001-11-2;Av. 0, Cll. 15 # 12-33, Barrio El Ciego;Belinda Lázaro;3037538295
1093839464;CC;Valentina Geraldine;Mejía;Bermúdez;elcidamaiamb@misena.edu.co;elcidafernandac@outlook.com;3071248086;;A+;1994-11-28;Av. 1, Cll. 22 # 15-31, Barrio La Garita;Olga Mejía;3083035126
1090792517;CC;Meteoro Ignacio;Benitez;Fuentes;lolayamilebf@misena.edu.co;albawillowf@hotmail.com;3225286049;;O-;1994-6-28;Av. 19, Cll. 6 # 16-34, Barrio El Venado;Gabriela Benitez;3264784886
1092300815;CC;Camilo Osvaldo;Fernández;Castrillón;lolasofiafc@misena.edu.co;leidyolgai@gmail.com;3265816824;;A+;1993-4-12;Av. 12, Cll. 15 # 13-28, Barrio El Encierro;Randy Fernández;3053797896
1091670509;CC;Pato Damián;Lozano;Herrera;josefabenitalh@misena.edu.co;wendyfernandaf@hotmail.com;3102651994;;B+;1998-9-17;Av. 16, Cll. 7 # 4-16, Barrio El Venado;Tatiana Lozano;3186992710
1093958857;CC;Ramona Laura;Gato;Méndez;randymariagm@misena.edu.co;betsyyamileg@gmail.com;3187148350;;A-;1995-4-9;Av. 23, Cll. 16 # 10-18, Barrio El Abrume;Fabiola Gato;3244160679
1090294399;CC;Génesis Jazmín;Echeverri;Figueredo;vilmalolaef@misena.edu.co;paulawendyi@gmail.com;3267994300;;B-;1995-4-10;Av. 25, Cll. 7 # 8-3, Barrio El Mirador;Geraldine Echeverri;3240066392
1093134272;CC;Hannah Kamila;Figueredo;García;neydaingridfg@misena.edu.co;genesismaiag@gmail.com;3116324029;6026690955;O-;2002-9-19;Av. 10, Cll. 9 # 4-2, Barrio La Tableta;Ximena Figueredo;3142425019
1090712298;CC;Wendy Nury;Hurtado;Hernández;paulayamilehh@misena.edu.co;ramonajimenal@hotmail.com;3180464974;;O+;2004-4-6;Av. 3, Cll. 6 # 20-21, Barrio Los Palos;Daniela Hurtado;3257675261
